Model,MCC,Sensitivity,Specificity,Precision,Accuracy,tp,tn,fp,fn
32fold4,0.9477262912764015,0.9942594718712979,0.9578947368410969,0.9954022988504603,0.990683229813562,866,91,4,5
