{
    "model_type": "CNN1D",
    "filter_size": 112,
    "kernel_size": 2,
    "num_layers": 4,
    "num_dense_layers": 3,
    "dense_neurons": 251,
    "dropout": 0.30000000000000004,
    "learning_rate": 0.0003,
    "decision_threshold": 0.5,
    "lr": 0.00011439732696456775,
    "trial_number": 2,
    "score": 0.9367245657568238
}