{
    "model_type": "CNN1D",
    "filter_size": 496,
    "kernel_size": 5,
    "num_layers": 4,
    "num_dense_layers": 1,
    "dense_neurons": 133,
    "dropout": 0.30000000000000004,
    "learning_rate": 0.01,
    "decision_threshold": 0.6,
    "lr": 0.0023331979912399915,
    "trial_number": 0,
    "score": 0.9555690809494827
}