Model,MCC,Sensitivity,Specificity,Precision,Accuracy,tp,tn,fp,fn
12,0.8662684603008486,0.97390493942209,0.9481481481474459,0.9933460076044682,0.9710264900661447,1045,128,7,28
