Model,MCC,Sensitivity,Specificity,Precision,Accuracy,tp,tn,fp,fn
12,0.7121710897430346,0.9629286376273435,0.7751937984490116,0.9728464419474744,0.9428807947019087,1039,100,29,40
