Model,MCC,Sensitivity,Specificity,Precision,Accuracy,tp,tn,fp,fn
12,0.8538112210725571,0.9645852749300126,0.9777777777770535,0.9971098265894993,0.9660596026489267,1035,132,3,38
