Model,MCC,Sensitivity,Specificity,Precision,Accuracy,tp,tn,fp,fn
19,0.952829867272371,0.9935125115847087,0.9689922480612645,0.9962825278809483,0.9908940397350173,1072,125,4,7
