Model,MCC,Sensitivity,Specificity,Precision,Accuracy,tp,tn,fp,fn
19,0.9534951211461429,0.9981360671014913,0.933333333332642,0.9916666666665748,0.9908940397350173,1071,126,9,2
