Model,MCC,Sensitivity,Specificity,Precision,Accuracy,tp,tn,fp,fn
24fold5,0.8499492885481158,0.9632183908044869,0.9999999999989583,0.9999999999998807,0.9668737060040407,838,96,0,32
