Model,MCC,Sensitivity,Specificity,Precision,Accuracy,tp,tn,fp,fn
24fold4,0.8793780200754969,0.9770378874855364,0.9684210526305596,0.9964871194378224,0.9761904761903751,851,92,3,20
