Model,MCC,Sensitivity,Specificity,Precision,Accuracy,tp,tn,fp,fn
24fold1,0.8405176968258778,0.9701492537312318,0.9473684210516343,0.9941176470587065,0.9679089026914112,845,90,5,26
