Model,MCC,Sensitivity,Specificity,Precision,Accuracy,tp,tn,fp,fn
24fold2,0.7525684571528932,0.9770378874855364,0.7684210526307701,0.9747995418097394,0.9565217391303357,851,73,22,20
