Model,MCC,Sensitivity,Specificity,Precision,Accuracy,tp,tn,fp,fn
24fold3,0.8072248808942829,0.9735935706083841,0.8736842105253961,0.9860465116277922,0.9637681159419291,848,83,12,23
