Model,MCC,Sensitivity,Specificity,Precision,Accuracy,tp,tn,fp,fn
12,0.9511670259100623,0.9888785912881382,0.999999999999225,0.9999999999999062,0.9900662251654809,1067,129,0,12
