Model,MCC,Sensitivity,Specificity,Precision,Accuracy,tp,tn,fp,fn
12,0.9714816528511762,0.9944082013046603,0.9925925925918574,0.9990636704118915,0.9942052980131627,1067,134,1,6
