Model,MCC,Sensitivity,Specificity,Precision,Accuracy,tp,tn,fp,fn
13fold2,0.9135910144451179,0.983926521239841,0.9789473684200222,0.997671711292084,0.9834368530019686,857,93,2,14
