{
    "trial_number": 13,
    "model_type": "CNN1D",
    "params": {
        "dropout": 0.4,
        "learning_rate": 0.00010288378393009854,
        "decision_threshold": 0.6,
        "filter_size": 66,
        "kernel_size": 4,
        "num_layers": 2,
        "num_dense_layers": 1,
        "dense_neurons": 501
    },
    "mean_mcc": 0.945827870369568,
    "mcc_scores": [
        0.9283692344924722,
        0.9376429607499099,
        0.9490545807177124,
        0.9598494767405225,
        0.9542230991472228
    ]
}