Model,MCC,Sensitivity,Specificity,Precision,Accuracy,tp,tn,fp,fn
23fold5,0.9477262912764015,0.9954022988504603,0.9479166666656792,0.9942594718712979,0.990683229813562,866,91,5,4
