Model,MCC,Sensitivity,Specificity,Precision,Accuracy,tp,tn,fp,fn
23fold4,0.9585867392313819,0.9988518943741677,0.9368421052621717,0.9931506849313935,0.992753623188303,870,89,6,1
