Model,MCC,Sensitivity,Specificity,Precision,Accuracy,tp,tn,fp,fn
23fold1,0.8902364816691278,0.9781859931112539,0.9789473684200222,0.9976580796251758,0.978260869565116,852,93,2,19
