Model,MCC,Sensitivity,Specificity,Precision,Accuracy,tp,tn,fp,fn
5,0.93564689650736,0.9916589434660804,0.9534883720922842,0.9944237918214689,0.9875827814568718,1070,123,6,9
