Model,MCC,Sensitivity,Specificity,Precision,Accuracy,tp,tn,fp,fn
5,0.9958254821621668,0.9999999999999067,0.9925925925918574,0.9990689013034451,0.9991721854303808,1073,134,1,0
