Model,MCC,Sensitivity,Specificity,Precision,Accuracy,tp,tn,fp,fn
2fold5,0.9488050839196188,0.9931034482757478,0.9687499999989909,0.9965397923874283,0.990683229813562,864,93,3,6
