Model,MCC,Sensitivity,Specificity,Precision,Accuracy,tp,tn,fp,fn
2fold5,0.9593464217230926,0.9965517241378165,0.9583333333323351,0.9954075774970154,0.992753623188303,867,92,4,3
