{
    "trial_number": 2,
    "model_type": "MLP",
    "params": {
        "dropout": 0.30000000000000004,
        "learning_rate": 0.0005049903430862537,
        "decision_threshold": 0.7,
        "num_layers": 2,
        "dense_neurons": 955
    },
    "mean_mcc": 0.9514338146919199,
    "mcc_scores": [
        0.953302314339235,
        0.9537999837647472,
        0.948335287954866,
        0.952926403481133,
        0.9488050839196188
    ]
}