{
    "trial_number": 2,
    "model_type": "MLP",
    "params": {
        "dropout": 0.5,
        "learning_rate": 0.0004527742117211625,
        "decision_threshold": 0.9,
        "num_layers": 2,
        "dense_neurons": 721
    },
    "mean_mcc": 0.941986351777517,
    "mcc_scores": [
        0.9198283526085601,
        0.9184503095106857,
        0.9645803837688445,
        0.9477262912764015,
        0.9593464217230926
    ]
}