Model,MCC,Sensitivity,Specificity,Precision,Accuracy,tp,tn,fp,fn
27fold4,0.9437729731168613,0.9908151549941456,0.9789473684200222,0.997687861271561,0.9896480331261915,863,93,2,8
