Model,MCC,Sensitivity,Specificity,Precision,Accuracy,tp,tn,fp,fn
27fold5,0.916979590117677,0.9965517241378165,0.8854166666657444,0.9874715261957873,0.9855072463767095,867,85,11,3
