Model,MCC,Sensitivity,Specificity,Precision,Accuracy,tp,tn,fp,fn
7fold4,0.8803603496043068,0.9804822043626887,0.9473684210516343,0.9941792782303848,0.9772256728777455,854,90,5,17
