Model,MCC,Sensitivity,Specificity,Precision,Accuracy,tp,tn,fp,fn
7fold2,0.8301574936319357,0.9793340987369713,0.8736842105253961,0.9861271676299438,0.9689440993787817,853,83,12,18
