Model,MCC,Sensitivity,Specificity,Precision,Accuracy,tp,tn,fp,fn
7fold1,0.7825052034759532,0.9483352468426006,0.9684210526305596,0.996381182147045,0.9503105590061127,826,92,3,45
