Model,MCC,Sensitivity,Specificity,Precision,Accuracy,tp,tn,fp,fn
7fold5,0.8759443382674191,0.9758620689654051,0.9687499999989909,0.9964788732393196,0.9751552795030046,849,93,3,21
