{
    "trial_number": 7,
    "model_type": "LSTM",
    "params": {
        "dropout": 0.4,
        "learning_rate": 0.00046535985374078514,
        "decision_threshold": 0.6,
        "hidden_dim": 73,
        "num_layers": 2
    },
    "mean_mcc": 0.8383511039644154,
    "mcc_scores": [
        0.7825052034759532,
        0.8301574936319357,
        0.8227881348424613,
        0.8803603496043068,
        0.8759443382674191
    ]
}