Model,MCC,Sensitivity,Specificity,Precision,Accuracy,tp,tn,fp,fn
9fold1,0.775891165668221,0.9483352468426006,0.9578947368410969,0.9951807228914463,0.9492753623187423,826,91,4,45
