Model,MCC,Sensitivity,Specificity,Precision,Accuracy,tp,tn,fp,fn
9fold2,0.7695334376382393,0.941446613088296,0.9789473684200222,0.9975669099755476,0.9451345755692603,820,93,2,51
