Model,MCC,Sensitivity,Specificity,Precision,Accuracy,tp,tn,fp,fn
9fold4,0.8363629058162805,0.9690011481055144,0.9473684210516343,0.9941107184922268,0.9668737060040407,844,90,5,27
