Model,MCC,Sensitivity,Specificity,Precision,Accuracy,tp,tn,fp,fn
9fold3,0.8601147389094556,0.9770378874855364,0.9368421052621717,0.9929988331387406,0.9730848861282636,851,89,6,20
