Model,MCC,Sensitivity,Specificity,Precision,Accuracy,tp,tn,fp,fn
9fold5,0.8068670787426022,0.9494252873562127,0.9999999999989583,0.9999999999998789,0.9544513457555948,826,96,0,44
