Model,MCC,Sensitivity,Specificity,Precision,Accuracy,tp,tn,fp,fn
9fold5,0.8672654964405999,0.9735632183906926,0.9687499999989909,0.9964705882351769,0.9730848861282636,847,93,3,23
