Model,MCC,Sensitivity,Specificity,Precision,Accuracy,tp,tn,fp,fn
9fold2,0.7997712175851559,0.9540757749711878,0.9684210526305596,0.9964028776977222,0.9554865424429653,831,92,3,40
