Model,MCC,Sensitivity,Specificity,Precision,Accuracy,tp,tn,fp,fn
9fold4,0.8512123766880195,0.9712973593569493,0.9578947368410969,0.9952941176469416,0.9699792960661522,846,91,4,25
