Model,MCC,Sensitivity,Specificity,Precision,Accuracy,tp,tn,fp,fn
9fold3,0.819381874623355,0.9540757749711878,0.9999999999989474,0.9999999999998797,0.9585921325050767,831,95,0,40
