Model,MCC,Sensitivity,Specificity,Precision,Accuracy,tp,tn,fp,fn
9fold1,0.7606875332728191,0.9357060849597089,0.9894736842094848,0.9987745098037991,0.9409937888197784,815,94,1,56
