{
    "trial_number": 9,
    "model_type": "LSTM",
    "params": {
        "dropout": 0.1,
        "learning_rate": 0.0007097440344054579,
        "decision_threshold": 0.9,
        "hidden_dim": 211,
        "num_layers": 3
    },
    "mean_mcc": 0.8096830330502272,
    "mcc_scores": [
        0.7606875332728191,
        0.7695334376382393,
        0.8601147389094556,
        0.8512123766880195,
        0.8068670787426022
    ]
}