Model,MCC,Sensitivity,Specificity,Precision,Accuracy,tp,tn,fp,fn
8fold1,0.8850826809257649,0.9816303099884062,0.9473684210516343,0.9941860465115122,0.978260869565116,855,90,5,16
