Model,MCC,Sensitivity,Specificity,Precision,Accuracy,tp,tn,fp,fn
8fold5,0.9116862406751692,0.9862068965516108,0.9583333333323351,0.9953596287701861,0.9834368530019686,858,92,4,12
