{
    "trial_number": 8,
    "model_type": "CNN1D",
    "params": {
        "dropout": 0.1,
        "learning_rate": 0.002428747012644931,
        "decision_threshold": 0.8,
        "filter_size": 123,
        "kernel_size": 4,
        "num_layers": 2,
        "num_dense_layers": 2,
        "dense_neurons": 392
    },
    "mean_mcc": 0.9291545764195487,
    "mcc_scores": [
        0.8850826809257649,
        0.9468648999960091,
        0.9544127692243982,
        0.9477262912764015,
        0.9116862406751692
    ]
}