Model,MCC,Sensitivity,Specificity,Precision,Accuracy,tp,tn,fp,fn
20,0.9436064872177548,0.98702502316951,0.999999999999225,0.9999999999999061,0.9884105960264082,1065,129,0,14
