Model,MCC,Sensitivity,Specificity,Precision,Accuracy,tp,tn,fp,fn
1fold4,0.8416672788825211,0.9850746268655585,0.8526315789464709,0.9839449541283275,0.9720496894408931,858,81,14,13
