Model,MCC,Sensitivity,Specificity,Precision,Accuracy,tp,tn,fp,fn
1fold1,0.8775077489102757,0.9781859931112539,0.9578947368410969,0.995327102803622,0.9761904761903751,852,91,4,19
