Model,MCC,Sensitivity,Specificity,Precision,Accuracy,tp,tn,fp,fn
1fold1,0.9085627954538926,0.9885189437427108,0.9368421052621717,0.9930795847749719,0.9834368530019686,861,89,6,10
