Model,MCC,Sensitivity,Specificity,Precision,Accuracy,tp,tn,fp,fn
1fold2,0.7967521845638059,0.9552238805969052,0.9578947368410969,0.9952153110046655,0.9554865424429653,832,91,4,39
