Model,MCC,Sensitivity,Specificity,Precision,Accuracy,tp,tn,fp,fn
1fold3,0.982393481711166,0.9999999999998851,0.9684210526305596,0.9965675057207097,0.996894409937785,871,92,3,0
