{
    "trial_number": 1,
    "model_type": "CNN1D",
    "params": {
        "dropout": 0.2,
        "learning_rate": 0.000597210542825932,
        "decision_threshold": 0.5,
        "filter_size": 56,
        "kernel_size": 4,
        "num_layers": 2,
        "num_dense_layers": 2,
        "dense_neurons": 475
    },
    "mean_mcc": 0.958521080924417,
    "mcc_scores": [
        0.9085627954538926,
        0.9598494767405225,
        0.982393481711166,
        0.9764979265785729,
        0.965301724137931
    ]
}