Model,MCC,Sensitivity,Specificity,Precision,Accuracy,tp,tn,fp,fn
13fold5,0.9349982652267221,0.9988505747125288,0.8958333333324001,0.9886234357222993,0.988612836438821,869,86,10,1
