Model,MCC,Sensitivity,Specificity,Precision,Accuracy,tp,tn,fp,fn
13fold2,0.9468648999960091,0.9965556831227328,0.9368421052621717,0.9931350114415339,0.990683229813562,868,89,6,3
