Model,MCC,Sensitivity,Specificity,Precision,Accuracy,tp,tn,fp,fn
13fold5,0.9352875839662822,0.9965517241378165,0.9166666666657118,0.9908571428570295,0.988612836438821,867,88,8,3
