{
    "trial_number": 13,
    "model_type": "MLP",
    "params": {
        "dropout": 0.4,
        "learning_rate": 0.001158471207071425,
        "decision_threshold": 0.8,
        "num_layers": 1,
        "dense_neurons": 288
    },
    "mean_mcc": 0.9518110491815477,
    "mcc_scores": [
        0.9468648999960091,
        0.9468648999960091,
        0.9713636655261789,
        0.9589635151628193,
        0.9349982652267221
    ]
}