{
    "trial_number": 13,
    "model_type": "MLP",
    "params": {
        "dropout": 0.30000000000000004,
        "learning_rate": 0.0006247787215971386,
        "decision_threshold": 0.7,
        "num_layers": 1,
        "dense_neurons": 117
    },
    "mean_mcc": 0.9489534616427925,
    "mcc_scores": [
        0.9472338915347895,
        0.948335287954866,
        0.9824227624188789,
        0.9314877823391454,
        0.9352875839662822
    ]
}