Model,MCC,Sensitivity,Specificity,Precision,Accuracy,tp,tn,fp,fn
2,0.9322667862085713,0.9898053753474523,0.9612403100767744,0.995340167753868,0.9867549668873355,1068,124,5,11
