Model,MCC,Sensitivity,Specificity,Precision,Accuracy,tp,tn,fp,fn
2,0.9749818784301543,0.9972041006522835,0.9777777777770535,0.9972041006522835,0.995033112582699,1070,132,3,3
