Model,MCC,Sensitivity,Specificity,Precision,Accuracy,tp,tn,fp,fn
14,0.9675695867192542,0.9934762348554526,0.9925925925918574,0.9990627928771322,0.9933774834436263,1066,134,1,7
