Model,MCC,Sensitivity,Specificity,Precision,Accuracy,tp,tn,fp,fn
14,0.9244182980425637,0.998146431881279,0.8837209302318731,0.9862637362636459,0.9859271523177991,1077,114,15,2
