feature,mean_abs_shap
acc_x,0.07034639511140994
acc_y,0.06677483510778984
acc_z,0.9785646159388125
gyr_x,0.7005032920651137
gyr_y,0.3061375998368021
gyr_z,0.28895507934037595
