feature,mean_abs_shap
acc_x,0.041480653290745975
acc_y,0.03863838141958695
acc_z,0.01103861298229731
gyr_x,0.010478248257828398
gyr_y,0.014917962485351382
gyr_z,0.013931178028012709
