feature,mean_abs_shap
acc_x,0.02256782871161704
acc_y,0.016531883314310106
acc_z,0.05564059585107316
gyr_x,0.052262193048736666
gyr_y,0.051522797176148744
gyr_z,0.05644581850618124
