Model,MCC,Sensitivity,Specificity,Precision,Accuracy,tp,tn,fp,fn
14,0.8862577310759764,0.9794967381173364,0.9481481481474459,0.9933837429110591,0.9759933774833629,1051,128,7,22
