Model,MCC,Sensitivity,Specificity,Precision,Accuracy,tp,tn,fp,fn
14,0.7918749493152963,0.9897483690586216,0.7333333333327902,0.9672131147540103,0.9610927152317085,1062,99,36,11
