Model,MCC,Sensitivity,Specificity,Precision,Accuracy,tp,tn,fp,fn
14,0.8612000825333602,0.9684893419832281,0.9767441860457545,0.9971374045800575,0.969370860927072,1045,126,3,34
