Model,MCC,Sensitivity,Specificity,Precision,Accuracy,tp,tn,fp,fn
16,0.8907927583559065,0.9794967381173364,0.9555555555548478,0.9943235572373704,0.9768211920528992,1051,129,6,22
