Model,MCC,Sensitivity,Specificity,Precision,Accuracy,tp,tn,fp,fn
16,0.9376411399197533,0.9860205032617907,0.9925925925918574,0.9990557129366384,0.9867549668873355,1058,134,1,15
