Model,MCC,Sensitivity,Specificity,Precision,Accuracy,tp,tn,fp,fn
16,0.8739256092077058,0.9721964782204845,0.9767441860457545,0.9971482889732892,0.9726821192052174,1049,126,3,30
