Model,MCC,Sensitivity,Specificity,Precision,Accuracy,tp,tn,fp,fn
44fold4,0.952926403481133,0.9965556831227328,0.9473684210516343,0.9942726231384886,0.9917184265009324,868,90,5,3
