Model,MCC,Sensitivity,Specificity,Precision,Accuracy,tp,tn,fp,fn
44fold1,0.9334320776665073,0.9885189437427108,0.9789473684200222,0.9976825028967558,0.9875776397514505,861,93,2,10
