Model,MCC,Sensitivity,Specificity,Precision,Accuracy,tp,tn,fp,fn
25fold1,0.8727543610098336,0.9942594718712979,0.8315789473675457,0.9818594104307277,0.978260869565116,866,79,16,5
