Model,MCC,Sensitivity,Specificity,Precision,Accuracy,tp,tn,fp,fn
25fold3,0.9429502757817718,0.9919632606198631,0.9684210526305596,0.9965397923874283,0.9896480331261915,864,92,3,7
