Model,MCC,Sensitivity,Specificity,Precision,Accuracy,tp,tn,fp,fn
25fold2,0.9525691988689958,0.9988518943741677,0.9263157894727091,0.9920182440135699,0.9917184265009324,870,88,7,1
