Model,MCC,Sensitivity,Specificity,Precision,Accuracy,tp,tn,fp,fn
48fold3,0.9653667109113476,0.9954075774970154,0.9789473684200222,0.997698504027503,0.9937888198756735,867,93,2,4
