Model,MCC,Sensitivity,Specificity,Precision,Accuracy,tp,tn,fp,fn
48fold2,0.9586086708677563,0.9999999999998851,0.9263157894727091,0.9920273348518232,0.992753623188303,871,88,7,0
