Model,MCC,Sensitivity,Specificity,Precision,Accuracy,tp,tn,fp,fn
18fold5,0.9366954148180145,0.9931034482757478,0.9479166666656792,0.9942462600689305,0.988612836438821,864,91,5,6
