Model,MCC,Sensitivity,Specificity,Precision,Accuracy,tp,tn,fp,fn
18fold3,0.9824227624188789,0.9988518943741677,0.9789473684200222,0.9977064220182341,0.996894409937785,870,93,2,1
