Model,MCC,Sensitivity,Specificity,Precision,Accuracy,tp,tn,fp,fn
18fold1,0.9490545807177124,0.9919632606198631,0.9789473684200222,0.9976905311777139,0.990683229813562,864,93,2,7
