{
    "trial_number": 18,
    "model_type": "MLP",
    "params": {
        "dropout": 0.5,
        "learning_rate": 0.0008706808834374418,
        "decision_threshold": 0.5,
        "num_layers": 1,
        "dense_neurons": 1016
    },
    "mean_mcc": 0.9568371249322487,
    "mcc_scores": [
        0.9593464217230926,
        0.9645803837688445,
        0.9824227624188789,
        0.941140641932413,
        0.9366954148180145
    ]
}