Model,MCC,Sensitivity,Specificity,Precision,Accuracy,tp,tn,fp,fn
6,0.9751763145469954,0.9962721342030758,0.9851851851844555,0.9981325863677872,0.995033112582699,1069,133,2,4
