Model,MCC,Sensitivity,Specificity,Precision,Accuracy,tp,tn,fp,fn
6,0.9270125848767561,0.9851714550508818,0.9844961240302447,0.9981220657276058,0.9850993377482627,1063,127,2,16
