Model,MCC,Sensitivity,Specificity,Precision,Accuracy,tp,tn,fp,fn
3,0.9697368472744522,0.9962928637626509,0.9767441860457545,0.9972170686455475,0.9942052980131627,1075,126,3,4
