Model,MCC,Sensitivity,Specificity,Precision,Accuracy,tp,tn,fp,fn
3,0.966890309947028,0.995340167753868,0.9777777777770535,0.9971988795517276,0.9933774834436263,1068,132,3,5
