Model,MCC,Sensitivity,Specificity,Precision,Accuracy,tp,tn,fp,fn
16fold5,0.9542230991472228,0.9942528735631041,0.9687499999989909,0.9965437788017285,0.9917184265009324,865,93,3,5
