Model,MCC,Sensitivity,Specificity,Precision,Accuracy,tp,tn,fp,fn
16fold1,0.9446958077831281,0.9896670493684282,0.9894736842094848,0.9988412514483199,0.9896480331261915,862,94,1,9
