Model,MCC,Sensitivity,Specificity,Precision,Accuracy,tp,tn,fp,fn
16fold3,0.9102830276124462,0.9954075774970154,0.8842105263148587,0.9874715261957873,0.984472049689339,867,84,11,4
