Model,MCC,Sensitivity,Specificity,Precision,Accuracy,tp,tn,fp,fn
18,0.8932088300940921,0.9749768303984268,0.9922480620147348,0.9990503323835708,0.9768211920528992,1052,128,1,27
