Model,MCC,Sensitivity,Specificity,Precision,Accuracy,tp,tn,fp,fn
19fold3,0.8463500010074907,0.9816303099884062,0.8842105263148587,0.987297921477946,0.9720496894408931,855,84,11,16
