Model,MCC,Sensitivity,Specificity,Precision,Accuracy,tp,tn,fp,fn
19fold1,0.9246679027253883,0.9850746268655585,0.9894736842094848,0.9988358556459838,0.9855072463767095,858,94,1,13
