Model,MCC,Sensitivity,Specificity,Precision,Accuracy,tp,tn,fp,fn
19fold2,0.8498576063422171,0.9793340987369713,0.9052631578937839,0.9895591647330638,0.9720496894408931,853,86,9,18
