Model,MCC,Sensitivity,Specificity,Precision,Accuracy,tp,tn,fp,fn
19fold4,0.7014361802981642,0.9138920780710775,0.9789473684200222,0.9974937343357145,0.9202898550723685,796,93,2,75
