Model,MCC,Sensitivity,Specificity,Precision,Accuracy,tp,tn,fp,fn
19fold4,0.8447075888839577,0.9827784156141236,0.8736842105253961,0.9861751152072596,0.9720496894408931,856,83,12,15
