Model,MCC,Sensitivity,Specificity,Precision,Accuracy,tp,tn,fp,fn
19fold1,0.8756036854259059,0.983926521239841,0.9157894736832465,0.9907514450865906,0.9772256728777455,857,87,8,14
