Model,MCC,Sensitivity,Specificity,Precision,Accuracy,tp,tn,fp,fn
19fold2,0.7601300313133541,0.9701492537312318,0.8210526315780831,0.9802784222736681,0.9554865424429653,845,78,17,26
