Model,MCC,Sensitivity,Specificity,Precision,Accuracy,tp,tn,fp,fn
19fold3,0.8532943105823535,0.9735935706083841,0.9473684210516343,0.9941383352871049,0.9710144927535226,848,90,5,23
