Model,MCC,Sensitivity,Specificity,Precision,Accuracy,tp,tn,fp,fn
19fold5,0.8616263691415207,0.9666666666665555,0.9999999999989583,0.9999999999998811,0.9699792960661522,841,96,0,29
