{
    "trial_number": 19,
    "model_type": "LSTM",
    "params": {
        "dropout": 0.4,
        "learning_rate": 0.0014788973238345899,
        "decision_threshold": 0.6,
        "hidden_dim": 104,
        "num_layers": 1
    },
    "mean_mcc": 0.8524993453362406,
    "mcc_scores": [
        0.8756036854259059,
        0.8498576063422171,
        0.8463500010074907,
        0.8447075888839577,
        0.8459778450216314
    ]
}