Model,MCC,Sensitivity,Specificity,Precision,Accuracy,tp,tn,fp,fn
16,0.9473813096246733,0.9906803355078293,0.9777777777770535,0.9971857410880866,0.9892384105959445,1063,132,3,10
