Model,MCC,Sensitivity,Specificity,Precision,Accuracy,tp,tn,fp,fn
16,0.962280469468083,0.9925857275253945,0.9922480620147348,0.9990671641790112,0.99254966887409,1071,128,1,8
