Model,MCC,Sensitivity,Specificity,Precision,Accuracy,tp,tn,fp,fn
16,0.9916606261433848,0.9990680335506991,0.9925925925918574,0.9990680335506991,0.9983443708608445,1072,134,1,1
