{
    "0.0": {
        "precision": 0.8342541436464088,
        "recall": 0.8579545454545454,
        "f1-score": 0.84593837535014,
        "support": 176.0
    },
    "1.0": {
        "precision": 0.9803613511390417,
        "recall": 0.9765258215962441,
        "f1-score": 0.9784398275186201,
        "support": 1278.0
    },
    "accuracy": 0.9621733149931224,
    "macro avg": {
        "precision": 0.9073077473927252,
        "recall": 0.9172401835253947,
        "f1-score": 0.9121891014343801,
        "support": 1454.0
    },
    "weighted avg": {
        "precision": 0.9626757469308549,
        "recall": 0.9621733149931224,
        "f1-score": 0.9624011372974012,
        "support": 1454.0
    },
    "0": {
        "precision": 0.0,
        "recall": 0.0,
        "f1-score": 0.0,
        "support": 0
    },
    "1": {
        "precision": 0.0,
        "recall": 0.0,
        "f1-score": 0.0,
        "support": 0
    }
}