{
    "model_type": "MLP",
    "num_layers": 3,
    "dense_neurons": 112,
    "dropout": 0.30000000000000004,
    "learning_rate": 0.0001,
    "decision_threshold": 0.6,
    "lr": 0.0001305308545598591
}