Model,MCC,Sensitivity,Specificity,Precision,Accuracy,tp,tn,fp,fn
36fold3,0.9713636655261789,0.9954075774970154,0.9894736842094848,0.998847926267166,0.994824016563044,867,94,1,4
