Model,MCC,Sensitivity,Specificity,Precision,Accuracy,tp,tn,fp,fn
12fold5,0.9548237955396737,0.9931034482757478,0.9791666666656467,0.9976905311777139,0.9917184265009324,864,94,2,6
