{
    "trial_number": 12,
    "model_type": "MLP",
    "params": {
        "dropout": 0.30000000000000004,
        "learning_rate": 0.0012606842875994865,
        "decision_threshold": 0.7,
        "num_layers": 1,
        "dense_neurons": 229
    },
    "mean_mcc": 0.9532959405344968,
    "mcc_scores": [
        0.9283692344924722,
        0.9589635151628193,
        0.9649767357544262,
        0.9593464217230926,
        0.9548237955396737
    ]
}