Model,MCC,Sensitivity,Specificity,Precision,Accuracy,tp,tn,fp,fn
17,0.8370151554902272,0.9712696941611704,0.9224806201543237,0.9905482041586965,0.9660596026489267,1048,119,10,31
