Model,MCC,Sensitivity,Specificity,Precision,Accuracy,tp,tn,fp,fn
17,0.8513288885100492,0.9990680335506991,0.755555555554996,0.970135746606247,0.9718543046356811,1072,102,33,1
