Model,MCC,Sensitivity,Specificity,Precision,Accuracy,tp,tn,fp,fn
17,0.8848614224581044,0.9850885368125829,0.9111111111104363,0.9887745556594023,0.9768211920528992,1057,123,12,16
