Model,MCC,Sensitivity,Specificity,Precision,Accuracy,tp,tn,fp,fn
11,0.867639231467998,0.967562557923914,0.9922480620147348,0.9990430622008613,0.9701986754966084,1044,128,1,35
