Model,MCC,Sensitivity,Specificity,Precision,Accuracy,tp,tn,fp,fn
11,0.8581555941198453,0.9701770736252591,0.9555555555548478,0.994269340974117,0.9685430463575356,1041,129,6,32
