Model,MCC,Sensitivity,Specificity,Precision,Accuracy,tp,tn,fp,fn
2fold1,0.8097331457675029,0.9632606199769272,0.9368421052621717,0.9928994082839061,0.9606625258798177,839,89,6,32
