Model,MCC,Sensitivity,Specificity,Precision,Accuracy,tp,tn,fp,fn
2fold5,0.867379028918614,0.9701149425286241,0.9895833333323025,0.9988165680472191,0.9720496894408931,844,95,1,26
