Model,MCC,Sensitivity,Specificity,Precision,Accuracy,tp,tn,fp,fn
2fold2,0.7493546682828323,0.9437428243397309,0.9368421052621717,0.9927536231882859,0.9430641821945193,822,89,6,49
