Model,MCC,Sensitivity,Specificity,Precision,Accuracy,tp,tn,fp,fn
2fold4,0.8033356620207478,0.9552238805969052,0.9684210526305596,0.9964071856286232,0.9565217391303357,832,92,3,39
