Model,MCC,Sensitivity,Specificity,Precision,Accuracy,tp,tn,fp,fn
2fold3,0.8128707340856638,0.9540757749711878,0.9894736842094848,0.9987980769229569,0.9575569358177062,831,94,1,40
