Model,MCC,Sensitivity,Specificity,Precision,Accuracy,tp,tn,fp,fn
2fold2,0.7896499185731131,0.9529276693454704,0.9578947368410969,0.9952038369303362,0.9534161490682243,830,91,4,41
