Model,MCC,Sensitivity,Specificity,Precision,Accuracy,tp,tn,fp,fn
2fold3,0.8207947765002992,0.9770378874855364,0.8736842105253961,0.9860950173811139,0.9668737060040407,851,83,12,20
