Model,MCC,Sensitivity,Specificity,Precision,Accuracy,tp,tn,fp,fn
2fold4,0.8245180374011732,0.959816303099775,0.9789473684200222,0.9976133651550122,0.9616977225671882,836,93,2,35
