{
    "trial_number": 2,
    "model_type": "LSTM",
    "params": {
        "dropout": 0.2,
        "learning_rate": 0.0016732891583223755,
        "decision_threshold": 0.9,
        "hidden_dim": 146,
        "num_layers": 2
    },
    "mean_mcc": 0.798869898137633,
    "mcc_scores": [
        0.7695334376382393,
        0.7493546682828323,
        0.8128707340856638,
        0.8033356620207478,
        0.8592549886606822
    ]
}