Model,MCC,Sensitivity,Specificity,Precision,Accuracy,tp,tn,fp,fn
14fold1,0.929572852372326,0.9862227324912759,0.9894736842094848,0.9988372093022094,0.98654244306408,859,94,1,12
