{
    "trial_number": 14,
    "model_type": "CNN1D",
    "params": {
        "dropout": 0.2,
        "learning_rate": 0.0003105424054462715,
        "decision_threshold": 0.6,
        "filter_size": 21,
        "kernel_size": 4,
        "num_layers": 2,
        "num_dense_layers": 1,
        "dense_neurons": 378
    },
    "mean_mcc": 0.9460382934454683,
    "mcc_scores": [
        0.929572852372326,
        0.9446958077831281,
        0.9537999837647472,
        0.9368210991692095,
        0.965301724137931
    ]
}