Model,MCC,Sensitivity,Specificity,Precision,Accuracy,tp,tn,fp,fn
4,0.941401067818828,0.9898053753474523,0.9767441860457545,0.9971988795517276,0.9884105960264082,1068,126,3,11
