Model,MCC,Sensitivity,Specificity,Precision,Accuracy,tp,tn,fp,fn
4,0.9589662405892293,0.9934762348554526,0.9777777777770535,0.9971936389147804,0.9917218543045536,1066,132,3,7
