Model,MCC,Sensitivity,Specificity,Precision,Accuracy,tp,tn,fp,fn
10,0.953284766223493,0.9925857275253945,0.9767441860457545,0.9972067039105217,0.9908940397350173,1071,126,3,8
