Model,MCC,Sensitivity,Specificity,Precision,Accuracy,tp,tn,fp,fn
10,0.9718549553632346,0.9934762348554526,0.9999999999992594,0.9999999999999062,0.9942052980131627,1066,135,0,7
