Model,MCC,Sensitivity,Specificity,Precision,Accuracy,tp,tn,fp,fn
19,0.9754339779517015,0.995340167753868,0.9925925925918574,0.9990645463048644,0.995033112582699,1068,134,1,5
