Model,MCC,Sensitivity,Specificity,Precision,Accuracy,tp,tn,fp,fn
19,0.9343171331061981,0.9944392956440227,0.9302325581388139,0.991682070240204,0.9875827814568718,1073,120,9,6
