Model,MCC,Sensitivity,Specificity,Precision,Accuracy,tp,tn,fp,fn
4fold3,0.7431627288657925,0.9747416762341016,0.7684210526307701,0.9747416762341016,0.9544513457555948,849,73,22,22
