Model,MCC,Sensitivity,Specificity,Precision,Accuracy,tp,tn,fp,fn
4fold5,0.8552632333151413,0.9666666666665555,0.9895833333323025,0.9988123515438243,0.9689440993787817,841,95,1,29
