Model,MCC,Sensitivity,Specificity,Precision,Accuracy,tp,tn,fp,fn
4fold5,0.8003955535108042,0.9494252873562127,0.9895833333323025,0.9987908101570738,0.9534161490682243,826,95,1,44
