Model,MCC,Sensitivity,Specificity,Precision,Accuracy,tp,tn,fp,fn
4fold2,0.8228817282964247,0.9632606199769272,0.9578947368410969,0.9952550415182686,0.9627329192545587,839,91,4,32
