Model,MCC,Sensitivity,Specificity,Precision,Accuracy,tp,tn,fp,fn
4fold4,0.771345978191962,0.9712973593569493,0.8315789473675457,0.9814385150810926,0.9575569358177062,846,79,16,25
