Model,MCC,Sensitivity,Specificity,Precision,Accuracy,tp,tn,fp,fn
4fold1,0.8058771977022875,0.9517795637197529,0.9894736842094848,0.9987951807227712,0.9554865424429653,829,94,1,42
