Model,MCC,Sensitivity,Specificity,Precision,Accuracy,tp,tn,fp,fn
4fold2,0.7962447772588611,0.9529276693454704,0.9684210526305596,0.9963985594236499,0.9544513457555948,830,92,3,41
