Model,MCC,Sensitivity,Specificity,Precision,Accuracy,tp,tn,fp,fn
4fold3,0.7595599134863124,0.9770378874855364,0.7789473684202327,0.9759174311925486,0.9575569358177062,851,74,21,20
