{
    "trial_number": 4,
    "model_type": "LSTM",
    "params": {
        "dropout": 0.2,
        "learning_rate": 0.0006470379825605028,
        "decision_threshold": 0.8,
        "hidden_dim": 89,
        "num_layers": 1
    },
    "mean_mcc": 0.7991142913191964,
    "mcc_scores": [
        0.8058771977022875,
        0.8228817282964247,
        0.7431627288657925,
        0.8232542482206734,
        0.8003955535108042
    ]
}