Model,MCC,Sensitivity,Specificity,Precision,Accuracy,tp,tn,fp,fn
11fold4,0.8179882801934873,0.959816303099775,0.9684210526305596,0.9964243146601911,0.9606625258798177,836,92,3,35
