Model,MCC,Sensitivity,Specificity,Precision,Accuracy,tp,tn,fp,fn
11fold3,0.6881249495990273,0.9735935706083841,0.6947368421045318,0.9669327251994336,0.9461697722566308,848,66,29,23
