Model,MCC,Sensitivity,Specificity,Precision,Accuracy,tp,tn,fp,fn
11fold1,0.878005508596255,0.9873708381169933,0.8947368421043214,0.9885057471263231,0.978260869565116,860,85,10,11
