Model,MCC,Sensitivity,Specificity,Precision,Accuracy,tp,tn,fp,fn
11fold4,0.8639648759939761,0.9885189437427108,0.8631578947359335,0.985125858123457,0.9761904761903751,861,82,13,10
