Model,MCC,Sensitivity,Specificity,Precision,Accuracy,tp,tn,fp,fn
11fold1,0.8048475092443441,0.959816303099775,0.9473684210516343,0.994054696789418,0.9585921325050767,836,90,5,35
