Model,MCC,Sensitivity,Specificity,Precision,Accuracy,tp,tn,fp,fn
11fold5,0.8715132488720011,0.9712643678159802,0.9895833333323025,0.9988179669029552,0.9730848861282636,845,95,1,25
