Model,MCC,Sensitivity,Specificity,Precision,Accuracy,tp,tn,fp,fn
11fold5,0.8504005039318646,0.9758620689654051,0.9270833333323676,0.9918224299064261,0.9710144927535226,849,89,7,21
