Model,MCC,Sensitivity,Specificity,Precision,Accuracy,tp,tn,fp,fn
11fold2,0.7792768450009008,0.949483352468318,0.9578947368410969,0.9951865222622147,0.9503105590061127,827,91,4,44
