Model,MCC,Sensitivity,Specificity,Precision,Accuracy,tp,tn,fp,fn
11fold2,0.7792943202869241,0.9425947187140135,0.9894736842094848,0.998783454987713,0.9472049689440013,821,94,1,50
