{
    "trial_number": 11,
    "model_type": "LSTM",
    "params": {
        "dropout": 0.30000000000000004,
        "learning_rate": 0.0032645302651463804,
        "decision_threshold": 0.5,
        "hidden_dim": 65,
        "num_layers": 3
    },
    "mean_mcc": 0.7881311126511295,
    "mcc_scores": [
        0.8048475092443441,
        0.7792943202869241,
        0.6881249495990273,
        0.8179882801934873,
        0.8504005039318646
    ]
}