Model,MCC,Sensitivity,Specificity,Precision,Accuracy,tp,tn,fp,fn
7fold2,0.8869652333743985,0.9850746268655585,0.9263157894727091,0.9919075144507523,0.9792960662524866,858,88,7,13
