Model,MCC,Sensitivity,Specificity,Precision,Accuracy,tp,tn,fp,fn
7fold1,0.920025288896519,0.9896670493684282,0.9473684210516343,0.9942329873124574,0.9855072463767095,862,90,5,9
