Model,MCC,Sensitivity,Specificity,Precision,Accuracy,tp,tn,fp,fn
7fold4,0.8884516717238385,0.9793340987369713,0.9684210526305596,0.9964953271026873,0.978260869565116,853,92,3,18
