Model,MCC,Sensitivity,Specificity,Precision,Accuracy,tp,tn,fp,fn
7fold5,0.8695993992516095,0.9758620689654051,0.9583333333323351,0.9953106682296605,0.9741200828156341,849,92,4,21
