Model,MCC,Sensitivity,Specificity,Precision,Accuracy,tp,tn,fp,fn
7fold5,0.9771443850797409,0.9965517241378165,0.9895833333323025,0.998847926267166,0.9958592132504145,867,95,1,3
