Model,MCC,Sensitivity,Specificity,Precision,Accuracy,tp,tn,fp,fn
26fold1,0.9056873823164312,0.9804822043626887,0.9894736842094848,0.9988304093566083,0.9813664596272276,854,94,1,17
