Model,MCC,Sensitivity,Specificity,Precision,Accuracy,tp,tn,fp,fn
15,0.9546479301377373,0.9934762348554526,0.9703703703696517,0.9962616822428975,0.9908940397350173,1066,131,4,7
