Model,MCC,Sensitivity,Specificity,Precision,Accuracy,tp,tn,fp,fn
15,0.96108756043097,0.9953660797033368,0.9689922480612645,0.996289424860761,0.99254966887409,1074,125,4,5
