Model,MCC,Sensitivity,Specificity,Precision,Accuracy,tp,tn,fp,fn
4,0.953800495678198,0.9916589434660804,0.9844961240302447,0.9981343283581158,0.9908940397350173,1070,127,2,9
