Model,MCC,Sensitivity,Specificity,Precision,Accuracy,tp,tn,fp,fn
33fold3,0.849358287827986,0.9690011481055144,0.9684210526305596,0.9964580873670605,0.9689440993787817,844,92,3,27
