Model,MCC,Sensitivity,Specificity,Precision,Accuracy,tp,tn,fp,fn
33fold5,0.7966645954694175,0.9804597701148298,0.8124999999991537,0.9793340987369713,0.9637681159419291,853,78,18,17
