Model,MCC,Sensitivity,Specificity,Precision,Accuracy,tp,tn,fp,fn
33fold1,0.7937423154031699,0.9644087256026447,0.9052631578937839,0.9893992932861025,0.9585921325050767,840,86,9,31
