Model,MCC,Sensitivity,Specificity,Precision,Accuracy,tp,tn,fp,fn
33fold2,0.8337320576560242,0.9735935706083841,0.9157894736832465,0.9906542056073608,0.9679089026914112,848,87,8,23
