Model,MCC,Sensitivity,Specificity,Precision,Accuracy,tp,tn,fp,fn
2fold4,0.9709665521697837,0.9965556831227328,0.9789473684200222,0.9977011494251726,0.994824016563044,868,93,2,3
