Model,MCC,Sensitivity,Specificity,Precision,Accuracy,tp,tn,fp,fn
2fold2,0.9764813308372486,0.9999999999998851,0.9578947368410969,0.9954285714284576,0.9958592132504145,871,91,4,0
