Model,MCC,Sensitivity,Specificity,Precision,Accuracy,tp,tn,fp,fn
2fold5,0.9278958130187541,0.9885057471263231,0.9687499999989909,0.9965237543451916,0.98654244306408,860,93,3,10
