Model,MCC,Sensitivity,Specificity,Precision,Accuracy,tp,tn,fp,fn
2fold5,0.9767179994848112,0.9988505747125288,0.9687499999989909,0.9965596330274086,0.9958592132504145,869,93,3,1
