Model,MCC,Sensitivity,Specificity,Precision,Accuracy,tp,tn,fp,fn
2fold3,0.9233758562144264,0.9862227324912759,0.9789473684200222,0.9976771196282233,0.9855072463767095,859,93,2,12
