{
    "trial_number": 2,
    "model_type": "CNN1D",
    "params": {
        "dropout": 0.1,
        "learning_rate": 0.0005895289443882064,
        "decision_threshold": 0.5,
        "filter_size": 59,
        "kernel_size": 6,
        "num_layers": 4,
        "num_dense_layers": 1,
        "dense_neurons": 300
    },
    "mean_mcc": 0.9650388976214959,
    "mcc_scores": [
        0.9477262912764015,
        0.9764813308372486,
        0.953302314339235,
        0.9709665521697837,
        0.9767179994848112
    ]
}