Model,MCC,Sensitivity,Specificity,Precision,Accuracy,tp,tn,fp,fn
33fold5,0.9121726591646554,0.9931034482757478,0.906249999999056,0.9896907216493711,0.984472049689339,864,87,9,6
