Model,MCC,Sensitivity,Specificity,Precision,Accuracy,tp,tn,fp,fn
33fold3,0.8069388356608549,0.9563719862226226,0.9684210526305596,0.9964114832534693,0.9575569358177062,833,92,3,38
