Model,MCC,Sensitivity,Specificity,Precision,Accuracy,tp,tn,fp,fn
33fold4,0.8909612343979746,0.9988518943741677,0.8210526315780831,0.9808342728296526,0.9813664596272276,870,78,17,1
