{
    "trial_number": 33,
    "model_type": "MLP",
    "params": {
        "dropout": 0.30000000000000004,
        "learning_rate": 0.0024269727173578835,
        "decision_threshold": 0.7,
        "num_layers": 1,
        "dense_neurons": 427
    },
    "mean_mcc": 0.8886954623612924,
    "mcc_scores": [
        0.8684278468285512,
        0.9649767357544262,
        0.8069388356608549,
        0.8909612343979746,
        0.9121726591646554
    ]
}