Model,MCC,Sensitivity,Specificity,Precision,Accuracy,tp,tn,fp,fn
19,0.9045392697142333,0.9757688723205055,0.9999999999992594,0.9999999999999044,0.978476821191972,1047,135,0,26
