Model,MCC,Sensitivity,Specificity,Precision,Accuracy,tp,tn,fp,fn
19,0.816769529371768,0.9638554216866576,0.9302325581388139,0.991420400381221,0.9602649006621722,1040,120,9,39
