Model,MCC,Sensitivity,Specificity,Precision,Accuracy,tp,tn,fp,fn
19,0.9015757483365869,0.9944082013046603,0.8740740740734267,0.9843173431733409,0.980960264900581,1067,118,17,6
