Model,MCC,Sensitivity,Specificity,Precision,Accuracy,tp,tn,fp,fn
8fold4,0.882089926039318,0.9793340987369713,0.9578947368410969,0.9953325554257881,0.9772256728777455,853,91,4,18
