Model,MCC,Sensitivity,Specificity,Precision,Accuracy,tp,tn,fp,fn
8fold5,0.8929476721512705,0.9770114942527612,0.9895833333323025,0.9988249118682727,0.978260869565116,850,95,1,20
