Model,MCC,Sensitivity,Specificity,Precision,Accuracy,tp,tn,fp,fn
8fold4,0.8271519582146619,0.9735935706083841,0.9052631578937839,0.9894982497081692,0.9668737060040407,848,86,9,23
