Model,MCC,Sensitivity,Specificity,Precision,Accuracy,tp,tn,fp,fn
8fold5,0.8610225099509998,0.9701149425286241,0.9791666666656467,0.9976359338060286,0.9710144927535226,844,94,2,26
