Model,MCC,Sensitivity,Specificity,Precision,Accuracy,tp,tn,fp,fn
8fold3,0.8663546206074704,0.9701492537312318,0.9894736842094848,0.9988179669029552,0.9720496894408931,845,94,1,26
