Model,MCC,Sensitivity,Specificity,Precision,Accuracy,tp,tn,fp,fn
8fold3,0.773349753889473,0.9735935706083841,0.8210526315780831,0.9803468208091352,0.9585921325050767,848,78,17,23
