Model,MCC,Sensitivity,Specificity,Precision,Accuracy,tp,tn,fp,fn
8fold1,0.8320764384768059,0.9621125143512098,0.9789473684200222,0.9976190476189288,0.9637681159419291,838,93,2,33
