Model,MCC,Sensitivity,Specificity,Precision,Accuracy,tp,tn,fp,fn
8fold2,0.8576732010228357,0.9712973593569493,0.9684210526305596,0.996466431095289,0.9710144927535226,846,92,3,25
