{
    "trial_number": 8,
    "model_type": "LSTM",
    "params": {
        "dropout": 0.2,
        "learning_rate": 0.007343979282379458,
        "decision_threshold": 0.8,
        "hidden_dim": 73,
        "num_layers": 1
    },
    "mean_mcc": 0.86622837165954,
    "mcc_scores": [
        0.8320764384768059,
        0.8576732010228357,
        0.8663546206074704,
        0.882089926039318,
        0.8929476721512705
    ]
}