{
    "trial_number": 8,
    "model_type": "LSTM",
    "params": {
        "dropout": 0.2,
        "learning_rate": 0.000330543839162454,
        "decision_threshold": 0.7,
        "hidden_dim": 87,
        "num_layers": 1
    },
    "mean_mcc": 0.8101936522383886,
    "mcc_scores": [
        0.7825052034759532,
        0.8069388356608549,
        0.773349753889473,
        0.8271519582146619,
        0.8610225099509998
    ]
}