Model,MCC,Sensitivity,Specificity,Precision,Accuracy,tp,tn,fp,fn
14fold4,0.916508619423091,0.9954075774970154,0.8947368421043214,0.9885974914480058,0.9855072463767095,867,85,10,4
