Model,MCC,Sensitivity,Specificity,Precision,Accuracy,tp,tn,fp,fn
14fold5,0.9413389337551417,0.9965517241378165,0.9270833333323676,0.9919908466818086,0.9896480331261915,867,89,7,3
