Model,MCC,Sensitivity,Specificity,Precision,Accuracy,tp,tn,fp,fn
14fold2,0.9376429607499099,0.9908151549941456,0.9684210526305596,0.9965357967666285,0.988612836438821,863,92,3,8
