{
    "trial_number": 14,
    "model_type": "MLP",
    "params": {
        "dropout": 0.1,
        "learning_rate": 0.001452150073572394,
        "decision_threshold": 0.6,
        "num_layers": 2,
        "dense_neurons": 623
    },
    "mean_mcc": 0.9415857940468794,
    "mcc_scores": [
        0.9477262912764015,
        0.9376429607499099,
        0.9647121650298529,
        0.916508619423091,
        0.9413389337551417
    ]
}