Model,MCC,Sensitivity,Specificity,Precision,Accuracy,tp,tn,fp,fn
30fold5,0.9046403423981211,0.9965517241378165,0.8645833333324328,0.9852272727271607,0.9834368530019686,867,83,13,3
