Model,MCC,Sensitivity,Specificity,Precision,Accuracy,tp,tn,fp,fn
30fold4,0.9050756484268236,0.9931113662455805,0.8947368421043214,0.9885714285713155,0.9834368530019686,865,85,10,6
