{
    "trial_number": 30,
    "model_type": "MLP",
    "params": {
        "dropout": 0.30000000000000004,
        "learning_rate": 0.0010456979121679297,
        "decision_threshold": 0.6,
        "num_layers": 1,
        "dense_neurons": 832
    },
    "mean_mcc": 0.9227664394871298,
    "mcc_scores": [
        0.920025288896519,
        0.9429502757817718,
        0.941140641932413,
        0.9050756484268236,
        0.9046403423981211
    ]
}