Model,MCC,Sensitivity,Specificity,Precision,Accuracy,tp,tn,fp,fn
29fold1,0.915941559436437,0.9873708381169933,0.9578947368410969,0.9953703703702551,0.984472049689339,860,91,4,11
