Model,MCC,Sensitivity,Specificity,Precision,Accuracy,tp,tn,fp,fn
29fold5,0.9656837421134818,0.9954022988504603,0.9791666666656467,0.9976958525344473,0.9937888198756735,866,94,2,4
