{
    "trial_number": 29,
    "model_type": "MLP",
    "params": {
        "dropout": 0.30000000000000004,
        "learning_rate": 0.0021726219012944414,
        "decision_threshold": 0.9,
        "num_layers": 2,
        "dense_neurons": 138
    },
    "mean_mcc": 0.9523196959991583,
    "mcc_scores": [
        0.915941559436437,
        0.9709665521697837,
        0.9713636655261789,
        0.9376429607499099,
        0.9656837421134818
    ]
}