Model,MCC,Sensitivity,Specificity,Precision,Accuracy,tp,tn,fp,fn
1,0.8794704132600063,0.9776328052189209,0.9481481481474459,0.993371212121118,0.9743377483442902,1049,128,7,24
