Model,MCC,Sensitivity,Specificity,Precision,Accuracy,tp,tn,fp,fn
1,0.8437928971525871,0.9601482854494012,0.9922480620147348,0.9990356798456124,0.9635761589403176,1036,128,1,43
