Model,MCC,Sensitivity,Specificity,Precision,Accuracy,tp,tn,fp,fn
1,0.7062444366470437,0.9683131407268436,0.7333333333327902,0.9665116279068868,0.9420529801323723,1039,99,36,34
