Model,MCC,Sensitivity,Specificity,Precision,Accuracy,tp,tn,fp,fn
28fold3,0.8227881348424613,0.9724454649826667,0.9052631578937839,0.9894859813082956,0.9658385093166701,847,86,9,24
