Model,MCC,Sensitivity,Specificity,Precision,Accuracy,tp,tn,fp,fn
28fold2,0.8241956077866142,0.9655568312283621,0.9473684210516343,0.9940898345152489,0.9637681159419291,841,90,5,30
