Model,MCC,Sensitivity,Specificity,Precision,Accuracy,tp,tn,fp,fn
28fold1,0.526230635995658,0.9919632606198631,0.3684210526311911,0.9350649350648338,0.9306418219460734,864,35,60,7
