Model,MCC,Sensitivity,Specificity,Precision,Accuracy,tp,tn,fp,fn
17,0.923078691621363,0.9898053753474523,0.9457364341077941,0.9934883720929308,0.9850993377482627,1068,122,7,11
