Model,MCC,Sensitivity,Specificity,Precision,Accuracy,tp,tn,fp,fn
25fold5,0.9421695402298851,0.9942528735631041,0.9479166666656792,0.9942528735631041,0.9896480331261915,865,91,5,5
