Model,MCC,Sensitivity,Specificity,Precision,Accuracy,tp,tn,fp,fn
25fold2,0.9221049456520614,0.9988518943741677,0.8736842105253961,0.9863945578230173,0.98654244306408,870,83,12,1
