Model,MCC,Sensitivity,Specificity,Precision,Accuracy,tp,tn,fp,fn
9,0.8241879429147626,0.9536607970342026,0.9922480620147348,0.9990291262134952,0.9577814569535631,1029,128,1,50
