Model,MCC,Sensitivity,Specificity,Precision,Accuracy,tp,tn,fp,fn
9,0.9225713182972544,0.9832246039141674,0.9851851851844555,0.9981078524123937,0.9834437086091901,1055,133,2,18
