Model,MCC,Sensitivity,Specificity,Precision,Accuracy,tp,tn,fp,fn
9,0.8669471672424851,0.9906803355078293,0.844444444443819,0.9806273062729722,0.9743377483442902,1063,114,21,10
