Model,MCC,Sensitivity,Specificity,Precision,Accuracy,tp,tn,fp,fn
27fold4,0.8007035211362811,0.9770378874855364,0.8421052631570083,0.9826789838336047,0.9637681159419291,851,80,15,20
