Model,MCC,Sensitivity,Specificity,Precision,Accuracy,tp,tn,fp,fn
27fold1,0.782036594965758,0.9609644087254924,0.9052631578937839,0.9893617021275426,0.9554865424429653,837,86,9,34
