Model,MCC,Sensitivity,Specificity,Precision,Accuracy,tp,tn,fp,fn
27fold3,0.7939378610276288,0.9770378874855364,0.8315789473675457,0.9815455594001175,0.9627329192545587,851,79,16,20
