Model,MCC,Sensitivity,Specificity,Precision,Accuracy,tp,tn,fp,fn
27fold5,0.8923619037625814,0.9816091954021859,0.9583333333323351,0.9953379953378793,0.9792960662524866,854,92,4,16
