Model,MCC,Sensitivity,Specificity,Precision,Accuracy,tp,tn,fp,fn
27fold2,0.7795286195610701,0.9517795637197529,0.9473684210516343,0.9940047961629503,0.9513457556934832,829,90,5,42
