{
    "trial_number": 27,
    "model_type": "LSTM",
    "params": {
        "dropout": 0.30000000000000004,
        "learning_rate": 0.0005163819971314824,
        "decision_threshold": 0.5,
        "hidden_dim": 135,
        "num_layers": 2
    },
    "mean_mcc": 0.8097137000906638,
    "mcc_scores": [
        0.782036594965758,
        0.7795286195610701,
        0.7939378610276288,
        0.8007035211362811,
        0.8923619037625814
    ]
}