Model,MCC,Sensitivity,Specificity,Precision,Accuracy,tp,tn,fp,fn
46fold2,0.9368210991692095,0.9919632606198631,0.9578947368410969,0.9953917050690096,0.988612836438821,864,91,4,7
