Model,MCC,Sensitivity,Specificity,Precision,Accuracy,tp,tn,fp,fn
46fold3,0.9825866826164747,0.9977037887484502,0.9894736842094848,0.9988505747125288,0.996894409937785,869,94,1,2
