Model,MCC,Sensitivity,Specificity,Precision,Accuracy,tp,tn,fp,fn
46fold4,0.9645803837688445,0.9988518943741677,0.9473684210516343,0.9942857142856006,0.9937888198756735,870,90,5,1
