Model,MCC,Sensitivity,Specificity,Precision,Accuracy,tp,tn,fp,fn
8,0.9876870712114209,0.9972041006522835,0.9999999999992594,0.9999999999999065,0.9975165562913081,1070,135,0,3
