Model,MCC,Sensitivity,Specificity,Precision,Accuracy,tp,tn,fp,fn
8,0.9605018293775073,0.998146431881279,0.9457364341077941,0.9935424354242626,0.99254966887409,1077,122,7,2
