Model,MCC,Sensitivity,Specificity,Precision,Accuracy,tp,tn,fp,fn
18fold5,0.9531267200454564,0.9977011494251726,0.9374999999990234,0.9931350114415339,0.9917184265009324,868,90,6,2
