Model,MCC,Sensitivity,Specificity,Precision,Accuracy,tp,tn,fp,fn
18fold5,0.9709665521697837,0.9977011494251726,0.9687499999989909,0.9965556831227328,0.994824016563044,868,93,3,2
