Model,MCC,Sensitivity,Specificity,Precision,Accuracy,tp,tn,fp,fn
18fold3,0.9664960690138464,0.9931113662455805,0.9999999999989474,0.9999999999998843,0.9937888198756735,865,95,0,6
