{
    "trial_number": 18,
    "model_type": "CNN1D",
    "params": {
        "dropout": 0.1,
        "learning_rate": 0.0015564142934752188,
        "decision_threshold": 0.5,
        "filter_size": 24,
        "kernel_size": 5,
        "num_layers": 2,
        "num_dense_layers": 1,
        "dense_neurons": 359
    },
    "mean_mcc": 0.957302663151664,
    "mcc_scores": [
        0.9429502757817718,
        0.9649767357544262,
        0.9664960690138464,
        0.9589635151628193,
        0.9531267200454564
    ]
}