Model,MCC,Sensitivity,Specificity,Precision,Accuracy,tp,tn,fp,fn
34fold2,0.8011091923846271,0.9586681974740575,0.9473684210516343,0.9940476190475006,0.9575569358177062,835,90,5,36
