Model,MCC,Sensitivity,Specificity,Precision,Accuracy,tp,tn,fp,fn
34fold4,0.8867326215068069,0.9804822043626887,0.9578947368410969,0.9953379953378793,0.978260869565116,854,91,4,17
