Model,MCC,Sensitivity,Specificity,Precision,Accuracy,tp,tn,fp,fn
34fold3,0.7478302898582825,0.975889781859819,0.7684210526307701,0.974770642201723,0.9554865424429653,850,73,22,21
