Model,MCC,Sensitivity,Specificity,Precision,Accuracy,tp,tn,fp,fn
1,0.9577888544924866,0.9925857275253945,0.9844961240302447,0.9981360671014913,0.9917218543045536,1071,127,2,8
