{
  "scenario": "Sc_4_T",
  "position": "chest",
  "label_type": "binary_two",
  "model_type": "CNN1D",
  "best_value": 0.9588145636745093,
  "best_params": {
    "dropout": 0.1,
    "learning_rate": 0.0005846321913883031,
    "decision_threshold": 0.5,
    "filter_size": 52,
    "kernel_size": 4,
    "num_layers": 2,
    "num_dense_layers": 1,
    "dense_neurons": 368
  },
  "n_trials": 29,
  "optimization_history": [
    0.8703479491100676,
    0.958521080924417,
    0.932962991422851,
    0.9480019914221385,
    0.9566551061617851,
    0.8969564072582363,
    0.9422179028251179,
    0.8888703118660617,
    0.9291545764195487,
    0.9176029933316489,
    0.041481291857703426,
    0.02801079535856843,
    0.9473079853745189,
    0.945827870369568,
    0.04429482566774823,
    0.9453628779847343,
    0.052344098628964275,
    0.9435777569166348,
    0.957302663151664,
    0.889803462580064,
    0.04773083498002961,
    0.050550019717775285,
    0.9483049732608222,
    0.9317355043459348,
    0.030989278180641122,
    0.9361976209952896,
    0.9349694079816271,
    0.9588145636745093
  ]
}