{
  "scenario": "Sc_4_T",
  "position": "chest",
  "label_type": "binary_two",
  "model_type": "CNN1D",
  "best_value": 0.9650388976214959,
  "best_params": {
    "dropout": 0.1,
    "learning_rate": 0.0005895289443882064,
    "decision_threshold": 0.5,
    "filter_size": 59,
    "kernel_size": 6,
    "num_layers": 4,
    "num_dense_layers": 1,
    "dense_neurons": 300
  },
  "n_trials": 20,
  "optimization_history": [
    0.8683556845241359,
    0.8678020161958327,
    0.9650388976214959,
    0.36988443293254036,
    0.9214781196623403,
    0.8925026823583482,
    0.9111925972681382,
    0.9478650857071962,
    0.9481151233720893,
    0.7135135487135519,
    0.9496359794426157,
    0.9505911273925157,
    0.9521575193985103,
    0.9474981236964355,
    0.9460382934454683,
    0.9211544266034309,
    0.9369545959374896,
    0.9207957225287086,
    0.9620707422030137,
    0.9236889483052512
  ]
}