,Model,MCC,Sensitivity,Specificity,Precision,Accuracy,tp,tn,fp,fn
mean,mean,0.9719211733811317,0.9954799627212492,0.9851851851844557,0.9981356070249756,0.9943294701985932,1068.15,133.0,2.0,4.85
std,std,0.01080638379947974,0.0025347720083002943,0.014013411895203203,0.001757144425582728,0.0022192289924517685,2.719810364906464,1.8918106058538346,1.8918106058538346,2.719810364906464
