,Model,MCC,Sensitivity,Specificity,Precision,Accuracy,tp,tn,fp,fn
mean,mean,0.9402322837471871,0.9888785912881382,0.9810077519372242,0.9977163148645485,0.9880380794701169,1067.0,126.55,2.45,12.0
std,std,0.012666522473700275,0.0029766638314991383,0.01856295477139281,0.002219962445917942,0.0026105361607224524,3.2118202741878648,2.394621165511528,2.394621165511528,3.2118202741878648
