Model,MCC,Sensitivity,Specificity,Precision,Accuracy,tp,tn,fp,fn
18,0.9748035666817636,0.9999999999999067,0.9555555555548478,0.9944392956440227,0.995033112582699,1073,129,6,0
