Model,MCC,Sensitivity,Specificity,Precision,Accuracy,tp,tn,fp,fn
18,0.979028360122985,0.9999999999999067,0.9629629629622497,0.9953617810759744,0.9958609271522354,1073,130,5,0
