{
    "0.0": {
        "precision": 0.5964912280701754,
        "recall": 0.9659090909090909,
        "f1-score": 0.737527114967462,
        "support": 176.0
    },
    "1.0": {
        "precision": 0.9948674080410608,
        "recall": 0.9100156494522692,
        "f1-score": 0.9505516959542296,
        "support": 1278.0
    },
    "accuracy": 0.9167812929848693,
    "macro avg": {
        "precision": 0.7956793180556181,
        "recall": 0.9379623701806801,
        "f1-score": 0.8440394054608458,
        "support": 1454.0
    },
    "weighted avg": {
        "precision": 0.9466458071642548,
        "recall": 0.9167812929848693,
        "f1-score": 0.9247660520383623,
        "support": 1454.0
    },
    "0": {
        "precision": 0.0,
        "recall": 0.0,
        "f1-score": 0.0,
        "support": 0
    },
    "1": {
        "precision": 0.0,
        "recall": 0.0,
        "f1-score": 0.0,
        "support": 0
    }
}