Model,MCC,Sensitivity,Specificity,Precision,Accuracy,tp,tn,fp,fn
6,0.8101404958729882,0.9916123019570371,0.748148148147594,0.9690346083787824,0.9644039735098539,1064,101,34,9
