Model,MCC,Sensitivity,Specificity,Precision,Accuracy,tp,tn,fp,fn
6,0.8647466001467798,0.9749768303984268,0.9457364341077941,0.9933899905570355,0.9718543046356811,1052,122,7,27
