Model,MCC,Sensitivity,Specificity,Precision,Accuracy,tp,tn,fp,fn
6,0.8981137931303631,0.97390493942209,0.9999999999992594,0.9999999999999043,0.9768211920528992,1045,135,0,28
