Model,MCC,Sensitivity,Specificity,Precision,Accuracy,tp,tn,fp,fn
19fold2,0.9526794367004403,0.9977037887484502,0.9368421052621717,0.9931428571427436,0.9917184265009324,869,89,6,2
