Model,MCC,Sensitivity,Specificity,Precision,Accuracy,tp,tn,fp,fn
19fold4,0.9405490057203608,0.9977037887484502,0.9157894736832465,0.9908779931583819,0.9896480331261915,869,87,8,2
