Model,MCC,Sensitivity,Specificity,Precision,Accuracy,tp,tn,fp,fn
19fold5,0.9434652444031371,0.9919540229883916,0.9687499999989909,0.9965357967666285,0.9896480331261915,863,93,3,7
