Model,MCC,Sensitivity,Specificity,Precision,Accuracy,tp,tn,fp,fn
19fold5,0.9473655175700015,0.9965517241378165,0.9374999999990234,0.9931271477662093,0.990683229813562,867,90,6,3
