{
    "trial_number": 19,
    "model_type": "MLP",
    "params": {
        "dropout": 0.5,
        "learning_rate": 0.0008383881753262296,
        "decision_threshold": 0.5,
        "num_layers": 2,
        "dense_neurons": 1010
    },
    "mean_mcc": 0.9494056023669865,
    "mcc_scores": [
        0.9477262912764015,
        0.9526794367004403,
        0.9587077605677281,
        0.9405490057203608,
        0.9473655175700015
    ]
}