Model,MCC,Sensitivity,Specificity,Precision,Accuracy,tp,tn,fp,fn
12fold5,0.9712342258232135,0.9965517241378165,0.9791666666656467,0.997698504027503,0.994824016563044,867,94,2,3
