Model,MCC,Sensitivity,Specificity,Precision,Accuracy,tp,tn,fp,fn
12fold1,0.9198283526085601,0.983926521239841,0.9894736842094848,0.9988344988343824,0.984472049689339,857,94,1,14
