Model,MCC,Sensitivity,Specificity,Precision,Accuracy,tp,tn,fp,fn
12fold5,0.9289411841643841,0.9988505747125288,0.8854166666657444,0.9874999999998877,0.9875776397514505,869,85,11,1
