Model,MCC,Sensitivity,Specificity,Precision,Accuracy,tp,tn,fp,fn
12fold4,0.9649767357544262,0.9965556831227328,0.9684210526305596,0.9965556831227328,0.9937888198756735,868,92,3,3
