Model,MCC,Sensitivity,Specificity,Precision,Accuracy,tp,tn,fp,fn
29fold1,0.759289294566885,0.9448909299654483,0.9473684210516343,0.9939613526568848,0.9451345755692603,823,90,5,48
