Model,MCC,Sensitivity,Specificity,Precision,Accuracy,tp,tn,fp,fn
29fold2,0.7661062362198037,0.9425947187140135,0.9684210526305596,0.9963592233008499,0.9451345755692603,821,92,3,50
