Model,MCC,Sensitivity,Specificity,Precision,Accuracy,tp,tn,fp,fn
29fold5,0.8397433044001261,0.9620689655171307,0.9895833333323025,0.9988066825774464,0.9648033126292996,837,95,1,33
