Model,MCC,Sensitivity,Specificity,Precision,Accuracy,tp,tn,fp,fn
29fold4,0.8832557858480875,0.9885189437427108,0.8947368421043214,0.9885189437427108,0.9792960662524866,861,85,10,10
