Model,MCC,Sensitivity,Specificity,Precision,Accuracy,tp,tn,fp,fn
8,0.9252283856518193,0.9850885368125829,0.9777777777770535,0.9971698113206606,0.9842715231787265,1057,132,3,16
