Model,MCC,Sensitivity,Specificity,Precision,Accuracy,tp,tn,fp,fn
8,0.8362580420217277,0.9638554216866576,0.9612403100767744,0.9952153110046894,0.9635761589403176,1040,124,5,39
