Model,MCC,Sensitivity,Specificity,Precision,Accuracy,tp,tn,fp,fn
8,0.8443440431412386,0.9897483690586216,0.8148148148142114,0.9770009199631116,0.9701986754966084,1062,110,25,11
