Model,MCC,Sensitivity,Specificity,Precision,Accuracy,tp,tn,fp,fn
31fold4,0.9422332566181468,0.9931113662455805,0.9578947368410969,0.9953970080551213,0.9896480331261915,865,91,4,6
