{
    "trial_number": 31,
    "model_type": "MLP",
    "params": {
        "dropout": 0.30000000000000004,
        "learning_rate": 0.0013975763556186888,
        "decision_threshold": 0.7,
        "num_layers": 1,
        "dense_neurons": 218
    },
    "mean_mcc": 0.9546630908646601,
    "mcc_scores": [
        0.9477262912764015,
        0.9593464217230926,
        0.9587077605677281,
        0.9422332566181468,
        0.965301724137931
    ]
}