Model,MCC,Sensitivity,Specificity,Precision,Accuracy,tp,tn,fp,fn
5fold4,0.9040292089243818,0.9954075774970154,0.8736842105253961,0.986348122866782,0.9834368530019686,867,83,12,4
