Model,MCC,Sensitivity,Specificity,Precision,Accuracy,tp,tn,fp,fn
5fold5,0.9356345647682195,0.9954022988504603,0.9270833333323676,0.9919816723939299,0.988612836438821,866,89,7,4
