{
    "trial_number": 5,
    "model_type": "MLP",
    "params": {
        "dropout": 0.2,
        "learning_rate": 0.00035797795725341346,
        "decision_threshold": 0.5,
        "num_layers": 4,
        "dense_neurons": 183
    },
    "mean_mcc": 0.9420763218334585,
    "mcc_scores": [
        0.9587077605677281,
        0.953302314339235,
        0.9587077605677281,
        0.9040292089243818,
        0.9356345647682195
    ]
}