Model,MCC,Sensitivity,Specificity,Precision,Accuracy,tp,tn,fp,fn
9,0.9237594301139328,0.9888785912881382,0.9534883720922842,0.9944082013046603,0.9850993377482627,1067,123,6,12
