Model,MCC,Sensitivity,Specificity,Precision,Accuracy,tp,tn,fp,fn
16fold4,0.7632669520674189,0.9391504018368612,0.9789473684200222,0.9975609756096344,0.9430641821945193,818,93,2,53
