Model,MCC,Sensitivity,Specificity,Precision,Accuracy,tp,tn,fp,fn
16fold2,0.8232542482206734,0.9690011481055144,0.9263157894727091,0.9917743830786143,0.9648033126292996,844,88,7,27
