Model,MCC,Sensitivity,Specificity,Precision,Accuracy,tp,tn,fp,fn
16fold3,0.8977645318740579,0.9816303099884062,0.9684210526305596,0.9965034965033803,0.9803312629398571,855,92,3,16
