Model,MCC,Sensitivity,Specificity,Precision,Accuracy,tp,tn,fp,fn
16fold1,0.795881853690932,0.9506314580940355,0.9789473684200222,0.9975903614456629,0.9534161490682243,828,93,2,43
