Model,MCC,Sensitivity,Specificity,Precision,Accuracy,tp,tn,fp,fn
16fold2,0.7986508337413318,0.9781859931112539,0.8315789473675457,0.9815668202763845,0.9637681159419291,852,79,16,19
