Model,MCC,Sensitivity,Specificity,Precision,Accuracy,tp,tn,fp,fn
16fold3,0.856362515085007,0.9793340987369713,0.9157894736832465,0.9907084785132414,0.9730848861282636,853,87,8,18
