Model,MCC,Sensitivity,Specificity,Precision,Accuracy,tp,tn,fp,fn
16fold5,0.8956395057652659,0.9839080459768984,0.9479166666656792,0.9941927990707323,0.9803312629398571,856,91,5,14
