Model,MCC,Sensitivity,Specificity,Precision,Accuracy,tp,tn,fp,fn
16fold5,0.8459778450216314,0.9747126436780489,0.9270833333323676,0.99181286549696,0.9699792960661522,848,89,7,22
