{
    "trial_number": 16,
    "model_type": "LSTM",
    "params": {
        "dropout": 0.4,
        "learning_rate": 0.0011754218118493927,
        "decision_threshold": 0.5,
        "hidden_dim": 104,
        "num_layers": 1
    },
    "mean_mcc": 0.8669309676365037,
    "mcc_scores": [
        0.8597576817949277,
        0.8232542482206734,
        0.856362515085007,
        0.8996408873166448,
        0.8956395057652659
    ]
}