Model,MCC,Sensitivity,Specificity,Precision,Accuracy,tp,tn,fp,fn
13,0.9459485511179072,0.9898053753474523,0.9844961240302447,0.998130841121402,0.9892384105959445,1068,127,2,11
