Model,MCC,Sensitivity,Specificity,Precision,Accuracy,tp,tn,fp,fn
13,0.9492282687507766,0.9999999999999067,0.9111111111104363,0.9889400921658075,0.9900662251654809,1073,123,12,0
