Model,MCC,Sensitivity,Specificity,Precision,Accuracy,tp,tn,fp,fn
16fold1,0.929354880383693,0.9942594718712979,0.9263157894727091,0.9919816723939299,0.9875776397514505,866,88,7,5
