Model,MCC,Sensitivity,Specificity,Precision,Accuracy,tp,tn,fp,fn
16fold2,0.9350220394242901,0.9954075774970154,0.9263157894727091,0.9919908466818086,0.988612836438821,867,88,7,4
