Model,MCC,Sensitivity,Specificity,Precision,Accuracy,tp,tn,fp,fn
16fold5,0.9590964703717836,0.9977011494251726,0.9479166666656792,0.9942726231384886,0.992753623188303,868,91,5,2
