Model,MCC,Sensitivity,Specificity,Precision,Accuracy,tp,tn,fp,fn
35fold2,0.8118442120288984,0.9712973593569493,0.8947368421043214,0.9883177570092303,0.9637681159419291,846,85,10,25
