Model,MCC,Sensitivity,Specificity,Precision,Accuracy,tp,tn,fp,fn
35fold5,0.8785284145385157,0.9781609195401174,0.9583333333323351,0.9953216374267841,0.9761904761903751,851,92,4,19
