Model,MCC,Sensitivity,Specificity,Precision,Accuracy,tp,tn,fp,fn
35fold1,0.5803596092577108,0.9655568312283621,0.5894736842099058,0.9556818181817095,0.9285714285713325,841,56,39,30
