Model,MCC,Sensitivity,Specificity,Precision,Accuracy,tp,tn,fp,fn
35fold4,0.81320925735694,0.9816303099884062,0.8315789473675457,0.9816303099884062,0.9668737060040407,855,79,16,16
