Model,MCC,Sensitivity,Specificity,Precision,Accuracy,tp,tn,fp,fn
35fold3,0.7243710426022228,0.9735935706083841,0.7473684210518449,0.972477064220072,0.9513457556934832,848,71,24,23
