{
    "0.0": {
        "precision": 0.9818181818181818,
        "recall": 0.9204545454545454,
        "f1-score": 0.9501466275659824,
        "support": 176.0
    },
    "1.0": {
        "precision": 0.9890965732087228,
        "recall": 0.997643362136685,
        "f1-score": 0.993351583887368,
        "support": 1273.0
    },
    "accuracy": 0.9882677708764666,
    "macro avg": {
        "precision": 0.9854573775134523,
        "recall": 0.9590489537956153,
        "f1-score": 0.9717491057266752,
        "support": 1449.0
    },
    "weighted avg": {
        "precision": 0.9882125173876494,
        "recall": 0.9882677708764666,
        "f1-score": 0.9881037769083729,
        "support": 1449.0
    },
    "0": {
        "precision": 0.0,
        "recall": 0.0,
        "f1-score": 0.0,
        "support": 0
    },
    "1": {
        "precision": 0.0,
        "recall": 0.0,
        "f1-score": 0.0,
        "support": 0
    }
}