Model,MCC,Sensitivity,Specificity,Precision,Accuracy,tp,tn,fp,fn
4fold2,0.861073553220825,0.9804822043626887,0.9157894736832465,0.9907192575404883,0.9741200828156341,854,87,8,17
