Model,MCC,Sensitivity,Specificity,Precision,Accuracy,tp,tn,fp,fn
4fold5,0.9330124406482692,0.9896551724136793,0.9687499999989909,0.9965277777776624,0.9875776397514505,861,93,3,9
