Model,MCC,Sensitivity,Specificity,Precision,Accuracy,tp,tn,fp,fn
4fold2,0.9385660747891933,0.9896670493684282,0.9789473684200222,0.9976851851850697,0.988612836438821,862,93,2,9
