{
    "trial_number": 4,
    "model_type": "CNN1D",
    "params": {
        "dropout": 0.1,
        "learning_rate": 0.00207892839755336,
        "decision_threshold": 0.5,
        "filter_size": 69,
        "kernel_size": 7,
        "num_layers": 4,
        "num_dense_layers": 1,
        "dense_neurons": 249
    },
    "mean_mcc": 0.9214781196623403,
    "mcc_scores": [
        0.9429502757817718,
        0.861073553220825,
        0.9544127692243982,
        0.915941559436437,
        0.9330124406482692
    ]
}