{
    "trial_number": 4,
    "model_type": "CNN1D",
    "params": {
        "dropout": 0.1,
        "learning_rate": 0.0010611022556619389,
        "decision_threshold": 0.6,
        "filter_size": 24,
        "kernel_size": 3,
        "num_layers": 2,
        "num_dense_layers": 1,
        "dense_neurons": 330
    },
    "mean_mcc": 0.9566551061617851,
    "mcc_scores": [
        0.9653667109113476,
        0.9385660747891933,
        0.9658752626670246,
        0.9422332566181468,
        0.9712342258232135
    ]
}