Model,MCC,Sensitivity,Specificity,Precision,Accuracy,tp,tn,fp,fn
38fold2,0.8298230169637362,0.9690011481055144,0.9368421052621717,0.9929411764704714,0.9658385093166701,844,89,6,27
