Model,MCC,Sensitivity,Specificity,Precision,Accuracy,tp,tn,fp,fn
38fold3,0.7564443830419396,0.9827784156141236,0.7368421052623823,0.9716231555049974,0.9585921325050767,856,70,25,15
