Model,MCC,Sensitivity,Specificity,Precision,Accuracy,tp,tn,fp,fn
38fold4,0.8245033981977224,0.9885189437427108,0.7999999999991578,0.9784090909089797,0.9699792960661522,861,76,19,10
