Model,MCC,Sensitivity,Specificity,Precision,Accuracy,tp,tn,fp,fn
38fold1,0.7123209212616292,0.9667049368540795,0.7684210526307701,0.9745370370369242,0.9472049689440013,842,73,22,29
