Model,MCC,Sensitivity,Specificity,Precision,Accuracy,tp,tn,fp,fn
19fold5,0.9002287942164385,0.9804597701148298,0.9791666666656467,0.9976608187133336,0.9803312629398571,853,94,2,17
