Model,MCC,Sensitivity,Specificity,Precision,Accuracy,tp,tn,fp,fn
19fold3,0.9593464217230926,0.9954075774970154,0.9684210526305596,0.9965517241378165,0.992753623188303,867,92,3,4
