Model,MCC,Sensitivity,Specificity,Precision,Accuracy,tp,tn,fp,fn
19fold4,0.8758077365656951,0.9896670493684282,0.8736842105253961,0.9862700228831823,0.978260869565116,862,83,12,9
