Model,MCC,Sensitivity,Specificity,Precision,Accuracy,tp,tn,fp,fn
19fold3,0.9096883292713837,0.9873708381169933,0.9473684210516343,0.9942196531790758,0.9834368530019686,860,90,5,11
