Model,MCC,Sensitivity,Specificity,Precision,Accuracy,tp,tn,fp,fn
19fold1,0.8920839281211732,0.9770378874855364,0.9894736842094848,0.9988262910796949,0.978260869565116,851,94,1,20
