Model,MCC,Sensitivity,Specificity,Precision,Accuracy,tp,tn,fp,fn
19fold2,0.8598409402965181,0.9942594718712979,0.8105263157886204,0.9796380090496629,0.9761904761903751,866,77,18,5
