Model,MCC,Sensitivity,Specificity,Precision,Accuracy,tp,tn,fp,fn
19fold5,0.9115963786455504,0.9942528735631041,0.8958333333324001,0.9885714285713155,0.984472049689339,865,86,10,5
