{
    "trial_number": 19,
    "model_type": "CNN1D",
    "params": {
        "dropout": 0.2,
        "learning_rate": 0.004452669973643538,
        "decision_threshold": 0.5,
        "filter_size": 84,
        "kernel_size": 5,
        "num_layers": 3,
        "num_dense_layers": 2,
        "dense_neurons": 418
    },
    "mean_mcc": 0.889803462580064,
    "mcc_scores": [
        0.8920839281211732,
        0.8598409402965181,
        0.9096883292713837,
        0.8758077365656951,
        0.9115963786455504
    ]
}