Model,MCC,Sensitivity,Specificity,Precision,Accuracy,tp,tn,fp,fn
27fold5,0.976867816091954,0.9977011494251726,0.9791666666656467,0.9977011494251726,0.9958592132504145,868,94,2,2
