{
    "trial_number": 27,
    "model_type": "CNN1D",
    "params": {
        "dropout": 0.1,
        "learning_rate": 0.0005846321913883031,
        "decision_threshold": 0.5,
        "filter_size": 52,
        "kernel_size": 4,
        "num_layers": 2,
        "num_dense_layers": 1,
        "dense_neurons": 368
    },
    "mean_mcc": 0.9588145636745093,
    "mcc_scores": [
        0.9490545807177124,
        0.9477262912764015,
        0.9766511571696175,
        0.9437729731168613,
        0.976867816091954
    ]
}