Model,MCC,Sensitivity,Specificity,Precision,Accuracy,tp,tn,fp,fn
3fold4,0.8359441737009735,0.9724454649826667,0.9263157894727091,0.9918032786884085,0.9679089026914112,847,88,7,24
