Model,MCC,Sensitivity,Specificity,Precision,Accuracy,tp,tn,fp,fn
3fold2,0.793181891108478,0.9540757749711878,0.9578947368410969,0.9952095808382041,0.9544513457555948,831,91,4,40
