Model,MCC,Sensitivity,Specificity,Precision,Accuracy,tp,tn,fp,fn
3fold3,0.8017847179969737,0.9667049368540795,0.9052631578937839,0.9894242068153949,0.9606625258798177,842,86,9,29
