Model,MCC,Sensitivity,Specificity,Precision,Accuracy,tp,tn,fp,fn
3fold3,0.817125486757904,0.9575200918483401,0.9789473684200222,0.9976076555022729,0.9596273291924472,834,93,2,37
