Model,MCC,Sensitivity,Specificity,Precision,Accuracy,tp,tn,fp,fn
3fold2,0.6985705952266871,0.9586681974740575,0.7894736842096953,0.9766081871343887,0.9420289855071489,835,75,20,36
