Model,MCC,Sensitivity,Specificity,Precision,Accuracy,tp,tn,fp,fn
3fold5,0.8689407677214405,0.9850574712642546,0.8958333333324001,0.9884659746250302,0.9761904761903751,857,86,10,13
