Model,MCC,Sensitivity,Specificity,Precision,Accuracy,tp,tn,fp,fn
3fold1,0.7865655334667568,0.9540757749711878,0.9473684210516343,0.9940191387558619,0.9534161490682243,831,90,5,40
