Model,MCC,Sensitivity,Specificity,Precision,Accuracy,tp,tn,fp,fn
3fold5,0.8085688153459933,0.9643678160918431,0.9270833333323676,0.9917257683213957,0.9606625258798177,839,89,7,31
