Model,MCC,Sensitivity,Specificity,Precision,Accuracy,tp,tn,fp,fn
3fold1,0.7570436130389476,0.9873708381169933,0.7052631578939944,0.9684684684683593,0.9596273291924472,860,67,28,11
