{
    "trial_number": 3,
    "model_type": "LSTM",
    "params": {
        "dropout": 0.2,
        "learning_rate": 0.00013935596802635707,
        "decision_threshold": 0.7,
        "hidden_dim": 88,
        "num_layers": 1
    },
    "mean_mcc": 0.805209026323835,
    "mcc_scores": [
        0.7865655334667568,
        0.793181891108478,
        0.8017847179969737,
        0.8359441737009735,
        0.8085688153459933
    ]
}