Model,MCC,Sensitivity,Specificity,Precision,Accuracy,tp,tn,fp,fn
15,0.9496710933234435,0.995340167753868,0.9481481481474459,0.9934883720929308,0.9900662251654809,1068,128,7,5
