Model,MCC,Sensitivity,Specificity,Precision,Accuracy,tp,tn,fp,fn
5,0.7959604057534323,0.9620018535680295,0.9069767441853435,0.9885714285713344,0.9561258278144904,1038,117,12,41
