Model,MCC,Sensitivity,Specificity,Precision,Accuracy,tp,tn,fp,fn
5,0.8477815670147613,0.97390493942209,0.9185185185178382,0.9895833333332396,0.9677152317879993,1045,124,11,28
