Model,MCC,Sensitivity,Specificity,Precision,Accuracy,tp,tn,fp,fn
5,0.9066820383265805,0.981360671015752,0.9703703703696517,0.9962157048248821,0.9801324503310447,1053,131,4,20
