Model,MCC,Sensitivity,Specificity,Precision,Accuracy,tp,tn,fp,fn
8fold3,0.9764979265785729,0.9988518943741677,0.9684210526305596,0.9965635738830473,0.9958592132504145,870,92,3,1
