Model,MCC,Sensitivity,Specificity,Precision,Accuracy,tp,tn,fp,fn
8fold5,0.9313018132147046,0.9919540229883916,0.9479166666656792,0.9942396313362909,0.9875776397514505,863,91,5,7
