Model,MCC,Sensitivity,Specificity,Precision,Accuracy,tp,tn,fp,fn
8fold2,0.9589635151628193,0.9965556831227328,0.9578947368410969,0.995412844036583,0.992753623188303,868,91,4,3
