{
    "trial_number": 8,
    "model_type": "MLP",
    "params": {
        "dropout": 0.1,
        "learning_rate": 0.0028750774178954715,
        "decision_threshold": 0.7,
        "num_layers": 1,
        "dense_neurons": 436
    },
    "mean_mcc": 0.9449991355806844,
    "mcc_scores": [
        0.929354880383693,
        0.9589635151628193,
        0.9764979265785729,
        0.928877542563632,
        0.9313018132147046
    ]
}