Model,MCC,Sensitivity,Specificity,Precision,Accuracy,tp,tn,fp,fn
0fold4,0.8294143486102444,0.9632606199769272,0.9684210526305596,0.9964370546317106,0.9637681159419291,839,92,3,32
