Model,MCC,Sensitivity,Specificity,Precision,Accuracy,tp,tn,fp,fn
0fold5,0.8528765551886436,0.9678160919539117,0.9791666666656467,0.9976303317534363,0.9689440993787817,842,94,2,28
