Model,MCC,Sensitivity,Specificity,Precision,Accuracy,tp,tn,fp,fn
0fold2,0.6851688969030303,0.9931113662455805,0.557894736841518,0.9536934950384836,0.9503105590061127,865,53,42,6
