Model,MCC,Sensitivity,Specificity,Precision,Accuracy,tp,tn,fp,fn
0fold5,0.7295148661641288,0.9793103448274736,0.7187499999992513,0.9692832764504016,0.9534161490682243,852,69,27,18
