Model,MCC,Sensitivity,Specificity,Precision,Accuracy,tp,tn,fp,fn
0fold1,0.8114316077486866,0.959816303099775,0.9578947368410969,0.9952380952379767,0.9596273291924472,836,91,4,35
