Model,MCC,Sensitivity,Specificity,Precision,Accuracy,tp,tn,fp,fn
0fold3,0.8142272505137117,0.9701492537312318,0.9052631578937839,0.9894613583137014,0.9637681159419291,845,86,9,26
