Model,MCC,Sensitivity,Specificity,Precision,Accuracy,tp,tn,fp,fn
0fold2,0.7617768725933369,0.9609644087254924,0.8736842105253961,0.9858657243815093,0.9523809523808537,837,83,12,34
