{
    "trial_number": 0,
    "model_type": "LSTM",
    "params": {
        "dropout": 0.1,
        "learning_rate": 0.0010660303034270284,
        "decision_threshold": 0.8,
        "hidden_dim": 119,
        "num_layers": 2
    },
    "mean_mcc": 0.8139453269309247,
    "mcc_scores": [
        0.8114316077486866,
        0.7617768725933369,
        0.8142272505137117,
        0.8294143486102444,
        0.8528765551886436
    ]
}