{
    "trial_number": 0,
    "model_type": "LSTM",
    "params": {
        "dropout": 0.4,
        "learning_rate": 0.0005154095645526042,
        "decision_threshold": 0.5,
        "hidden_dim": 224,
        "num_layers": 3
    },
    "mean_mcc": 0.7864449719996568,
    "mcc_scores": [
        0.8452751141970423,
        0.6851688969030303,
        0.8058806045845185,
        0.866385378149564,
        0.7295148661641288
    ]
}