Model,MCC,Sensitivity,Specificity,Precision,Accuracy,tp,tn,fp,fn
10,0.9792273066618902,0.9972041006522835,0.9851851851844555,0.9981343283581158,0.9958609271522354,1070,133,2,3
