Model,MCC,Sensitivity,Specificity,Precision,Accuracy,tp,tn,fp,fn
10,0.9426643054131664,0.997219647821965,0.9224806201543237,0.9907918968691537,0.9892384105959445,1076,119,10,3
