Model,MCC,Sensitivity,Specificity,Precision,Accuracy,tp,tn,fp,fn
7,0.8796017912452262,0.9711090400744667,0.9851851851844555,0.9980842911876439,0.9726821192052174,1042,133,2,31
