Model,MCC,Sensitivity,Specificity,Precision,Accuracy,tp,tn,fp,fn
7,0.9155247565892835,0.9860205032617907,0.9555555555548478,0.9943609022555456,0.9826158940396538,1058,129,6,15
