Model,MCC,Sensitivity,Specificity,Precision,Accuracy,tp,tn,fp,fn
7,0.7236906057197399,0.9647822057459717,0.7829457364335016,0.9738072965387302,0.9453642384105178,1041,101,28,38
