Model,MCC,Sensitivity,Specificity,Precision,Accuracy,tp,tn,fp,fn
15fold5,0.9110789840554,0.9816091954021859,0.9895833333323025,0.9988304093566083,0.9824016563145981,854,95,1,16
