Model,MCC,Sensitivity,Specificity,Precision,Accuracy,tp,tn,fp,fn
15fold1,0.7237678230747333,0.9368541905854263,0.9263157894727091,0.9914945321991504,0.9358178053829258,816,88,7,55
