Model,MCC,Sensitivity,Specificity,Precision,Accuracy,tp,tn,fp,fn
15fold4,0.804010701369619,0.9575200918483401,0.9578947368410969,0.9952267303101437,0.9575569358177062,834,91,4,37
