Model,MCC,Sensitivity,Specificity,Precision,Accuracy,tp,tn,fp,fn
15fold3,0.8706925287309241,0.9827784156141236,0.9157894736832465,0.990740740740626,0.9761904761903751,856,87,8,15
