Model,MCC,Sensitivity,Specificity,Precision,Accuracy,tp,tn,fp,fn
15fold2,0.7726405356008031,0.949483352468318,0.9473684210516343,0.9939903846152651,0.9492753623187423,827,90,5,44
