Model,MCC,Sensitivity,Specificity,Precision,Accuracy,tp,tn,fp,fn
15fold5,0.8576900278702358,0.9655172413791994,0.9999999999989583,0.9999999999998809,0.9689440993787817,840,96,0,30
