Model,MCC,Sensitivity,Specificity,Precision,Accuracy,tp,tn,fp,fn
15fold3,0.8110260095615549,0.9655568312283621,0.9263157894727091,0.9917452830187509,0.9616977225671882,841,88,7,30
