{
    "trial_number": 15,
    "model_type": "LSTM",
    "params": {
        "dropout": 0.4,
        "learning_rate": 0.00028417318463274337,
        "decision_threshold": 0.6,
        "hidden_dim": 76,
        "num_layers": 2
    },
    "mean_mcc": 0.808131576021853,
    "mcc_scores": [
        0.772540400932249,
        0.7953907403756062,
        0.8110260095615549,
        0.804010701369619,
        0.8576900278702358
    ]
}