{
    "trial_number": 15,
    "model_type": "LSTM",
    "params": {
        "dropout": 0.30000000000000004,
        "learning_rate": 0.001273654027586288,
        "decision_threshold": 0.8,
        "hidden_dim": 64,
        "num_layers": 2
    },
    "mean_mcc": 0.8193320371059956,
    "mcc_scores": [
        0.7237678230747333,
        0.7726405356008031,
        0.8706925287309241,
        0.8184803140681179,
        0.9110789840554
    ]
}