Model,MCC,Sensitivity,Specificity,Precision,Accuracy,tp,tn,fp,fn
47fold3,0.9658752626670246,0.9942594718712979,0.9894736842094848,0.9988465974623991,0.9937888198756735,866,94,1,5
