{
    "trial_number": 47,
    "model_type": "MLP",
    "params": {
        "dropout": 0.30000000000000004,
        "learning_rate": 0.0013030329611174647,
        "decision_threshold": 0.7,
        "num_layers": 1,
        "dense_neurons": 91
    },
    "mean_mcc": 0.944554475077806,
    "mcc_scores": [
        0.9368210991692095,
        0.948335287954866,
        0.9658752626670246,
        0.9361061608297104,
        0.9356345647682195
    ]
}