Model,MCC,Sensitivity,Specificity,Precision,Accuracy,tp,tn,fp,fn
6,0.9383105632228216,0.9962928637626509,0.9224806201543237,0.9907834101381575,0.9884105960264082,1075,119,10,4
