Model,MCC,Sensitivity,Specificity,Precision,Accuracy,tp,tn,fp,fn
6,0.9796899022751488,0.995340167753868,0.9999999999992594,0.9999999999999063,0.9958609271522354,1068,135,0,5
