Model,MCC,Sensitivity,Specificity,Precision,Accuracy,tp,tn,fp,fn
6,0.962181501313925,0.9972041006522835,0.9555555555548478,0.9944237918214689,0.99254966887409,1070,129,6,3
