Model,MCC,Sensitivity,Specificity,Precision,Accuracy,tp,tn,fp,fn
16,0.9078767879796428,0.9814643188136254,0.9767441860457545,0.9971751412428439,0.980960264900581,1059,126,3,20
