Model,MCC,Sensitivity,Specificity,Precision,Accuracy,tp,tn,fp,fn
16,0.9707258761798068,0.9972041006522835,0.9703703703696517,0.9962756052140599,0.9942052980131627,1070,131,4,3
