Model,MCC,Sensitivity,Specificity,Precision,Accuracy,tp,tn,fp,fn
6fold4,0.9035050964203452,0.9988518943741677,0.8421052631570083,0.983050847457516,0.9834368530019686,870,80,15,1
