Model,MCC,Sensitivity,Specificity,Precision,Accuracy,tp,tn,fp,fn
6fold2,0.9221683475498865,0.9873708381169933,0.9684210526305596,0.9965237543451916,0.9855072463767095,860,92,3,11
