Model,MCC,Sensitivity,Specificity,Precision,Accuracy,tp,tn,fp,fn
6fold2,0.9361061608297104,0.9931113662455805,0.9473684210516343,0.9942528735631041,0.988612836438821,865,90,5,6
