Model,MCC,Sensitivity,Specificity,Precision,Accuracy,tp,tn,fp,fn
6fold5,0.9290048172911678,0.9977011494251726,0.8958333333324001,0.9886104783597962,0.9875776397514505,868,86,10,2
