Model,MCC,Sensitivity,Specificity,Precision,Accuracy,tp,tn,fp,fn
6fold4,0.9223644384262737,0.9965556831227328,0.8947368421043214,0.9886104783597962,0.98654244306408,868,85,10,3
