Model,MCC,Sensitivity,Specificity,Precision,Accuracy,tp,tn,fp,fn
6fold1,0.8462773470611714,0.9644087256026447,0.9894736842094848,0.9988109393577884,0.9668737060040407,840,94,1,31
