Model,MCC,Sensitivity,Specificity,Precision,Accuracy,tp,tn,fp,fn
6fold3,0.9466266907955285,0.9977037887484502,0.9263157894727091,0.992009132419978,0.990683229813562,869,88,7,2
