{
    "trial_number": 6,
    "model_type": "MLP",
    "params": {
        "dropout": 0.4,
        "learning_rate": 0.004113072551352965,
        "decision_threshold": 0.6,
        "num_layers": 3,
        "dense_neurons": 417
    },
    "mean_mcc": 0.9293910983978162,
    "mcc_scores": [
        0.9361061608297104,
        0.9361061608297104,
        0.9422332566181468,
        0.9035050964203452,
        0.9290048172911678
    ]
}