Model,MCC,Sensitivity,Specificity,Precision,Accuracy,tp,tn,fp,fn
13,0.9650833962391436,0.997219647821965,0.9612403100767744,0.9953746530988903,0.9933774834436263,1076,124,5,3
