Model,MCC,Sensitivity,Specificity,Precision,Accuracy,tp,tn,fp,fn
13,0.9836678466329376,0.9962721342030758,0.9999999999992594,0.9999999999999064,0.9966887417217718,1069,135,0,4
