Model,MCC,Sensitivity,Specificity,Precision,Accuracy,tp,tn,fp,fn
13,0.9666425045735391,0.9962721342030758,0.9703703703696517,0.9962721342030758,0.9933774834436263,1069,131,4,4
