Model,MCC,Sensitivity,Specificity,Precision,Accuracy,tp,tn,fp,fn
13,0.8611915978939556,0.981360671015752,0.8962962962956325,0.9868791002810696,0.9718543046356811,1053,121,14,20
