Model,MCC,Sensitivity,Specificity,Precision,Accuracy,tp,tn,fp,fn
13,0.8207340470074411,0.9721964782204845,0.8914728682163633,0.9868297271871131,0.9635761589403176,1049,115,14,30
