Model,MCC,Sensitivity,Specificity,Precision,Accuracy,tp,tn,fp,fn
13,0.9077241804548026,0.9804287045665442,0.9777777777770535,0.9971563981041709,0.9801324503310447,1052,132,3,21
