Model,MCC,Sensitivity,Specificity,Precision,Accuracy,tp,tn,fp,fn
14fold1,0.7737751308817236,0.9563719862226226,0.9157894736832465,0.9904875148631402,0.9523809523808537,833,87,8,38
