Model,MCC,Sensitivity,Specificity,Precision,Accuracy,tp,tn,fp,fn
14fold4,0.8599359833175864,0.9701492537312318,0.9789473684200222,0.9976387249113343,0.9710144927535226,845,93,2,26
