Model,MCC,Sensitivity,Specificity,Precision,Accuracy,tp,tn,fp,fn
14fold2,0.8529026925103026,0.9954075774970154,0.7894736842096953,0.9774520856819642,0.9751552795030046,867,75,20,4
