Model,MCC,Sensitivity,Specificity,Precision,Accuracy,tp,tn,fp,fn
14fold4,0.8047505731353811,0.9827784156141236,0.8105263157886204,0.9794050343248307,0.9658385093166701,856,77,18,15
