Model,MCC,Sensitivity,Specificity,Precision,Accuracy,tp,tn,fp,fn
14fold1,0.7953907403756062,0.9609644087254924,0.9263157894727091,0.9917061611373232,0.9575569358177062,837,88,7,34
