Model,MCC,Sensitivity,Specificity,Precision,Accuracy,tp,tn,fp,fn
14fold3,0.8084336572394527,0.9667049368540795,0.9157894736832465,0.9905882352940011,0.9616977225671882,842,87,8,29
