Model,MCC,Sensitivity,Specificity,Precision,Accuracy,tp,tn,fp,fn
14fold5,0.7959353590782445,0.9701149425286241,0.8749999999990885,0.9859813084110998,0.9606625258798177,844,84,12,26
