Model,MCC,Sensitivity,Specificity,Precision,Accuracy,tp,tn,fp,fn
14fold5,0.8956513754673098,0.9793103448274736,0.9791666666656467,0.9976580796251758,0.9792960662524866,852,94,2,18
