Model,MCC,Sensitivity,Specificity,Precision,Accuracy,tp,tn,fp,fn
14fold3,0.7947487843704018,0.9804822043626887,0.8105263157886204,0.9793577981650252,0.9637681159419291,854,77,18,17
