{
    "trial_number": 14,
    "model_type": "LSTM",
    "params": {
        "dropout": 0.4,
        "learning_rate": 0.009242266545929516,
        "decision_threshold": 0.6,
        "hidden_dim": 108,
        "num_layers": 2
    },
    "mean_mcc": 0.8071594825690209,
    "mcc_scores": [
        0.7737751308817236,
        0.8529026925103026,
        0.8084336572394527,
        0.8047505731353811,
        0.7959353590782445
    ]
}