Model,MCC,Sensitivity,Specificity,Precision,Accuracy,tp,tn,fp,fn
5fold1,0.8747229491997398,0.9724454649826667,0.9894736842094848,0.9988207547168633,0.9741200828156341,847,94,1,24
