Model,MCC,Sensitivity,Specificity,Precision,Accuracy,tp,tn,fp,fn
5fold4,0.8437395955386374,0.9655568312283621,0.9789473684200222,0.997627520759075,0.9668737060040407,841,93,2,30
