Model,MCC,Sensitivity,Specificity,Precision,Accuracy,tp,tn,fp,fn
5fold3,0.9357447910056588,0.9862227324912759,0.9999999999989474,0.9999999999998835,0.9875776397514505,859,95,0,12
