Model,MCC,Sensitivity,Specificity,Precision,Accuracy,tp,tn,fp,fn
5fold3,0.8832964162744447,0.9747416762341016,0.9894736842094848,0.9988235294116471,0.9761904761903751,849,94,1,22
