Model,MCC,Sensitivity,Specificity,Precision,Accuracy,tp,tn,fp,fn
5fold5,0.9340138166941382,0.9885057471263231,0.9791666666656467,0.9976798143850351,0.9875776397514505,860,94,2,10
