Model,MCC,Sensitivity,Specificity,Precision,Accuracy,tp,tn,fp,fn
5fold1,0.8876628388917723,0.975889781859819,0.9894736842094848,0.9988249118682727,0.9772256728777455,850,94,1,21
