{
    "trial_number": 5,
    "model_type": "CNN1D",
    "params": {
        "dropout": 0.5,
        "learning_rate": 0.00060246397194276,
        "decision_threshold": 0.7,
        "filter_size": 44,
        "kernel_size": 6,
        "num_layers": 4,
        "num_dense_layers": 1,
        "dense_neurons": 93
    },
    "mean_mcc": 0.8969564072582363,
    "mcc_scores": [
        0.8747229491997398,
        0.8965608838530079,
        0.9357447910056588,
        0.8437395955386374,
        0.9340138166941382
    ]
}