Model,MCC,Sensitivity,Specificity,Precision,Accuracy,tp,tn,fp,fn
14,0.9628008797823582,0.9916589434660804,0.999999999999225,0.9999999999999065,0.99254966887409,1070,129,0,9
