Model,MCC,Sensitivity,Specificity,Precision,Accuracy,tp,tn,fp,fn
14,0.9479593247739235,0.9897483690586216,0.9851851851844555,0.9981203007517858,0.9892384105959445,1062,133,2,11
