Model,MCC,Sensitivity,Specificity,Precision,Accuracy,tp,tn,fp,fn
1fold1,0.74811528126289,0.933409873708274,0.9789473684200222,0.9975460122698162,0.9378881987576668,813,93,2,58
