Model,MCC,Sensitivity,Specificity,Precision,Accuracy,tp,tn,fp,fn
1fold3,0.44391628564060287,0.9931113662455805,0.2736842105260277,0.9261241970020422,0.9223602484471094,865,26,69,6
