Model,MCC,Sensitivity,Specificity,Precision,Accuracy,tp,tn,fp,fn
1fold5,0.7622033842341844,0.9356321839079383,0.9895833333323025,0.9987730061348468,0.9409937888197784,814,95,1,56
