Model,MCC,Sensitivity,Specificity,Precision,Accuracy,tp,tn,fp,fn
1fold4,0.8477176530675098,0.9667049368540795,0.9789473684200222,0.9976303317534363,0.9679089026914112,842,93,2,29
