Model,MCC,Sensitivity,Specificity,Precision,Accuracy,tp,tn,fp,fn
1fold5,0.8424598410796031,0.9666666666665555,0.9687499999989909,0.9964454976302136,0.9668737060040407,841,93,3,29
