Model,MCC,Sensitivity,Specificity,Precision,Accuracy,tp,tn,fp,fn
1fold3,0.8058806045845185,0.967853042479797,0.9052631578937839,0.9894366197181936,0.9616977225671882,843,86,9,28
