{
    "trial_number": 1,
    "model_type": "LSTM",
    "params": {
        "dropout": 0.5,
        "learning_rate": 0.006365727257124177,
        "decision_threshold": 0.7,
        "hidden_dim": 228,
        "num_layers": 3
    },
    "mean_mcc": 0.5992141159120888,
    "mcc_scores": [
        0.9422332566181468,
        0.0,
        0.44391628564060287,
        0.8477176530675098,
        0.7622033842341844
    ]
}