Model,MCC,Sensitivity,Specificity,Precision,Accuracy,tp,tn,fp,fn
39fold1,0.9122069660261899,0.9850746268655585,0.9684210526305596,0.9965156794423929,0.9834368530019686,858,92,3,13
