Model,MCC,Sensitivity,Specificity,Precision,Accuracy,tp,tn,fp,fn
39fold2,0.9344458492401012,0.9977037887484502,0.9052631578937839,0.9897494305238053,0.988612836438821,869,86,9,2
