Model,MCC,Sensitivity,Specificity,Precision,Accuracy,tp,tn,fp,fn
39fold5,0.953735632183908,0.9954022988504603,0.9583333333323351,0.9954022988504603,0.9917184265009324,866,92,4,4
