Model,MCC,Sensitivity,Specificity,Precision,Accuracy,tp,tn,fp,fn
39fold3,0.9498783324655715,0.9908151549941456,0.9894736842094848,0.998842592592477,0.990683229813562,863,94,1,8
