Model,MCC,Sensitivity,Specificity,Precision,Accuracy,tp,tn,fp,fn
15fold5,0.9231084627638383,0.9965517241378165,0.8958333333324001,0.9885974914480058,0.98654244306408,867,86,10,3
