Model,MCC,Sensitivity,Specificity,Precision,Accuracy,tp,tn,fp,fn
15fold2,0.8134894329330176,0.9563719862226226,0.9789473684200222,0.9976047904190422,0.9585921325050767,833,93,2,38
