Model,MCC,Sensitivity,Specificity,Precision,Accuracy,tp,tn,fp,fn
15fold4,0.8684278468285512,0.9908151549941456,0.8526315789464709,0.9840364880272537,0.9772256728777455,863,81,14,8
