Model,MCC,Sensitivity,Specificity,Precision,Accuracy,tp,tn,fp,fn
15fold5,0.6805940611692854,0.8999999999998965,0.9895833333323025,0.9987244897957909,0.908902691511293,783,95,1,87
