Model,MCC,Sensitivity,Specificity,Precision,Accuracy,tp,tn,fp,fn
15fold3,0.9010949432627586,0.9793340987369713,0.9894736842094848,0.9988290398125294,0.9803312629398571,853,94,1,18
