Model,MCC,Sensitivity,Specificity,Precision,Accuracy,tp,tn,fp,fn
15fold4,0.9343681032207276,0.9988518943741677,0.8947368421043214,0.9886363636362513,0.988612836438821,870,85,10,1
