{
    "trial_number": 15,
    "model_type": "MLP",
    "params": {
        "dropout": 0.30000000000000004,
        "learning_rate": 0.009813009759062987,
        "decision_threshold": 0.7,
        "num_layers": 1,
        "dense_neurons": 164
    },
    "mean_mcc": 0.9378731948807972,
    "mcc_scores": [
        0.9073277666490455,
        0.9598494767405225,
        0.9647121650298529,
        0.9343681032207276,
        0.9231084627638383
    ]
}