{
  "scenario": "Sc_4_T",
  "position": "chest",
  "label_type": "binary_two",
  "model_type": "LSTM",
  "best_value": 0.8668582774441311,
  "best_params": {
    "dropout": 0.1,
    "learning_rate": 0.0014261634337092294,
    "decision_threshold": 0.7,
    "hidden_dim": 87,
    "num_layers": 1
  },
  "n_trials": 20,
  "optimization_history": [
    0.7864449719996568,
    0.7930637048754757,
    0.8224149814321404,
    0.794668297338401,
    0.789704027694416,
    0.7861989925740117,
    0.8180993554542342,
    0.8383511039644154,
    0.86622837165954,
    0.8197345320267224,
    0.8121183263170911,
    0.8483485489631958,
    0.8389174399106011,
    0.8254397980158688,
    0.8328414395198044,
    0.8193320371059956,
    0.8203084032790745,
    0.8668582774441311,
    0.807192444651091,
    0.8202309588121561
  ]
}