{
  "scenario": "Sc_4_T",
  "position": "chest",
  "label_type": "binary_two",
  "model_type": "LSTM",
  "best_value": 0.8700001468693443,
  "best_params": {
    "dropout": 0.4,
    "learning_rate": 0.009249071748933982,
    "decision_threshold": 0.5,
    "hidden_dim": 71,
    "num_layers": 2
  },
  "n_trials": 39,
  "optimization_history": [
    0.8139453269309247,
    0.5992141159120888,
    0.798869898137633,
    0.805209026323835,
    0.7991142913191964,
    0.7213746291596108,
    0.8468974898207646,
    0.1261068512685597,
    0.8101936522383886,
    0.8096830330502272,
    0.833133825175949,
    0.7881311126511295,
    0.778580085779031,
    0.8700001468693443,
    0.8071594825690209,
    0.808131576021853,
    0.8669309676365037,
    0.8036396951264907,
    0.8034351839370195,
    0.8524993453362406,
    0.8361996046606383,
    0.8445050656625714,
    0.8613265262276453,
    0.8172918579362397,
    0.8259276686993333,
    0.8289763306743912,
    0.797444151060787,
    0.8097137000906638,
    0.7730645212524678,
    0.8268277723140492,
    0.8514945183282734,
    0.8045128653647406,
    0.8369438183407552,
    0.8314765743221901,
    0.8203084245890121,
    0.7616625071568576,
    0.8320190335087332,
    0.8048451151135513
  ]
}