,Model,MCC,Sensitivity,Specificity,Precision,Accuracy,tp,tn,fp,fn
mean,10.5,0.8660463550515456,0.9857875116494889,0.8722222222215763,0.9840875264871952,0.9730960264899856,1057.75,117.75,17.25,15.25
std,5.916079783099616,0.06038460781223671,0.011764771158732692,0.08411051927515734,0.010320931070707348,0.011979625312553718,12.623599453321336,11.35492010215465,11.35492010215465,12.623599453321336
