,Model,MCC,Sensitivity,Specificity,Precision,Accuracy,tp,tn,fp,fn
mean,mean,0.906033445399302,0.9799627213419404,0.9766666666659434,0.9970221686926797,0.9795943708608462,1051.5,131.85,3.15,21.5
std,std,0.02491484344190896,0.006502709365557264,0.020851140321410024,0.0026414585613695626,0.005916504813785553,6.977407149243606,2.814903943392441,2.814903943392441,6.977407149243606
