Model,MCC,Sensitivity,Specificity,Precision,Accuracy,tp,tn,fp,fn
7fold4,0.9416278929240437,0.9942594718712979,0.9473684210516343,0.9942594718712979,0.9896480331261915,866,90,5,5
