Model,MCC,Sensitivity,Specificity,Precision,Accuracy,tp,tn,fp,fn
7fold5,0.9300176957006983,0.9942528735631041,0.9270833333323676,0.9919724770641064,0.9875776397514505,865,89,7,5
