{
    "trial_number": 7,
    "model_type": "MLP",
    "params": {
        "dropout": 0.4,
        "learning_rate": 0.00033429116838240916,
        "decision_threshold": 0.6,
        "num_layers": 2,
        "dense_neurons": 135
    },
    "mean_mcc": 0.9486529671104119,
    "mcc_scores": [
        0.9593464217230926,
        0.9593464217230926,
        0.952926403481133,
        0.9416278929240437,
        0.9300176957006983
    ]
}