Model,MCC,Sensitivity,Specificity,Precision,Accuracy,tp,tn,fp,fn
1fold3,0.9404604056129201,0.9988518943741677,0.9052631578937839,0.989761092150058,0.9896480331261915,870,86,9,1
