Model,MCC,Sensitivity,Specificity,Precision,Accuracy,tp,tn,fp,fn
1fold4,0.8757007111395558,0.9793340987369713,0.9473684210516343,0.9941724941723783,0.9761904761903751,853,90,5,18
