Model,MCC,Sensitivity,Specificity,Precision,Accuracy,tp,tn,fp,fn
1fold5,0.9416927716467265,0.9954022988504603,0.9374999999990234,0.993119266054932,0.9896480331261915,866,90,6,4
