Model,MCC,Sensitivity,Specificity,Precision,Accuracy,tp,tn,fp,fn
1fold1,0.8898691856497167,0.9827784156141236,0.9473684210516343,0.9941927990707323,0.9792960662524866,856,90,5,15
