Model,MCC,Sensitivity,Specificity,Precision,Accuracy,tp,tn,fp,fn
1fold5,0.9361061608297104,0.9942528735631041,0.9374999999990234,0.9931113662455805,0.988612836438821,865,90,6,5
