{
    "trial_number": 1,
    "model_type": "MLP",
    "params": {
        "dropout": 0.5,
        "learning_rate": 0.0040489134369177246,
        "decision_threshold": 0.8,
        "num_layers": 3,
        "dense_neurons": 187
    },
    "mean_mcc": 0.9192116724007571,
    "mcc_scores": [
        0.8898691856497167,
        0.948335287954866,
        0.9404604056129201,
        0.8757007111395558,
        0.9416927716467265
    ]
}