{
    "trial_number": 1,
    "model_type": "MLP",
    "params": {
        "dropout": 0.2,
        "learning_rate": 0.0021720816421248275,
        "decision_threshold": 0.9,
        "num_layers": 4,
        "dense_neurons": 448
    },
    "mean_mcc": 0.9311565318947392,
    "mcc_scores": [
        0.9306665294715465,
        0.9262313407821076,
        0.9198283526085601,
        0.9429502757817718,
        0.9361061608297104
    ]
}