Model,MCC,Sensitivity,Specificity,Precision,Accuracy,tp,tn,fp,fn
20,0.9608211270599696,0.9962928637626509,0.9612403100767744,0.9953703703702782,0.99254966887409,1075,124,5,4
