Model,MCC,Sensitivity,Specificity,Precision,Accuracy,tp,tn,fp,fn
20,0.9623593408523534,0.9962721342030758,0.9629629629622497,0.9953445065175982,0.99254966887409,1069,130,5,4
