Model,MCC,Sensitivity,Specificity,Precision,Accuracy,tp,tn,fp,fn
17fold5,0.88484341028591,0.9781609195401174,0.9687499999989909,0.9964871194378224,0.9772256728777455,851,93,3,19
