Model,MCC,Sensitivity,Specificity,Precision,Accuracy,tp,tn,fp,fn
17fold3,0.7941891775198683,0.9701492537312318,0.8736842105253961,0.9859976662775979,0.9606625258798177,845,83,12,26
