Model,MCC,Sensitivity,Specificity,Precision,Accuracy,tp,tn,fp,fn
17fold5,0.8505317710299986,0.9689655172412679,0.9687499999989909,0.996453900709102,0.9689440993787817,843,93,3,27
