Model,MCC,Sensitivity,Specificity,Precision,Accuracy,tp,tn,fp,fn
17fold1,0.7893491739555878,0.9724454649826667,0.8526315789464709,0.9837398373982597,0.9606625258798177,847,81,14,24
