Model,MCC,Sensitivity,Specificity,Precision,Accuracy,tp,tn,fp,fn
17fold3,0.9034081008465027,0.9873708381169933,0.9368421052621717,0.9930715935333726,0.9824016563145981,860,89,6,11
