Model,MCC,Sensitivity,Specificity,Precision,Accuracy,tp,tn,fp,fn
17fold4,0.8597576817949277,0.9735935706083841,0.9578947368410969,0.995305164319132,0.9720496894408931,848,91,4,23
