Model,MCC,Sensitivity,Specificity,Precision,Accuracy,tp,tn,fp,fn
17fold4,0.783019160742372,0.9793340987369713,0.7999999999991578,0.9782110091741997,0.9616977225671882,853,76,19,18
