Model,MCC,Sensitivity,Specificity,Precision,Accuracy,tp,tn,fp,fn
17fold1,0.8105814831537596,0.9575200918483401,0.9684210526305596,0.9964157706092,0.9585921325050767,834,92,3,37
