{
    "trial_number": 17,
    "model_type": "LSTM",
    "params": {
        "dropout": 0.1,
        "learning_rate": 0.0014261634337092294,
        "decision_threshold": 0.7,
        "hidden_dim": 87,
        "num_layers": 1
    },
    "mean_mcc": 0.8668582774441311,
    "mcc_scores": [
        0.8105814831537596,
        0.8757007111395558,
        0.9034081008465027,
        0.8597576817949277,
        0.88484341028591
    ]
}