{
    "trial_number": 17,
    "model_type": "LSTM",
    "params": {
        "dropout": 0.4,
        "learning_rate": 0.00034671523941813656,
        "decision_threshold": 0.6,
        "hidden_dim": 107,
        "num_layers": 1
    },
    "mean_mcc": 0.8036396951264907,
    "mcc_scores": [
        0.7893491739555878,
        0.8011091923846271,
        0.7941891775198683,
        0.783019160742372,
        0.8505317710299986
    ]
}