{
    "model_type": "MLP",
    "num_layers": 5,
    "dense_neurons": 3577,
    "dropout": 0.4,
    "learning_rate": 0.01,
    "decision_threshold": 0.5,
    "lr": 0.002314535724154229,
    "trial_number": 8,
    "score": 0.750728862973761
}