Model,MCC,Sensitivity,Specificity,Precision,Accuracy,tp,tn,fp,fn
3,0.8063872388619708,0.9508804448562603,0.9767441860457545,0.9970845481048594,0.9536423841058813,1026,126,3,53
