Model,MCC,Sensitivity,Specificity,Precision,Accuracy,tp,tn,fp,fn
3,0.8365735283042598,0.9589934762347662,0.9777777777770535,0.9970930232557172,0.9610927152317085,1029,132,3,44
