Model,MCC,Sensitivity,Specificity,Precision,Accuracy,tp,tn,fp,fn
3,0.8964428540053079,0.9785647716681287,0.9703703703696517,0.9962049335862432,0.9776490066224356,1050,131,4,23
