{
  "scenario": "Sc_4_T",
  "position": "chest",
  "label_type": "binary_two",
  "model_type": "MLP",
  "best_value": 0.957827444130608,
  "best_params": {
    "dropout": 0.4,
    "learning_rate": 0.0011824949774300736,
    "decision_threshold": 0.8,
    "num_layers": 1,
    "dense_neurons": 221
  },
  "n_trials": 50,
  "optimization_history": [
    0.9407797382333845,
    0.9311565318947392,
    0.941986351777517,
    0.9330899323301907,
    0.9538969283999764,
    0.048388324849383935,
    0.9293910983978162,
    0.045605335370964895,
    0.06311943852051627,
    0.9514708065977404,
    0.9480805369961789,
    0.957827444130608,
    0.9532959405344968,
    0.9518110491815477,
    0.036052916785195066,
    0.9378731948807972,
    0.029839838541192876,
    0.9532004150572705,
    0.9568371249322487,
    0.9494056023669865,
    0.9467325975032146,
    0.0784011595644678,
    0.9421134835727487,
    0.9412053948695309,
    0.9116345015474652,
    0.9369445564646238,
    0.04731625789440841,
    0.9436022962939834,
    0.042139959239648306,
    0.9523196959991583,
    0.9227664394871298,
    0.9546630908646601,
    0.9389544079735014,
    0.8886954623612924,
    0.9227598339485918,
    0.030748275764494792,
    0.955255435681606,
    0.9458120997097629,
    0.08151927756262012,
    0.9382814843696368,
    0.04397436838644353,
    0.08323918609860925,
    0.9364388703164914,
    0.9464344518128538,
    0.9490075222352641,
    0.9529135094604679,
    0.9538423160155165,
    0.944554475077806,
    0.9543950074151987,
    0.036101628766118665
  ]
}