{
    "dropout": 0.30000000000000004,
    "learning_rate": 0.001275752364066688,
    "decision_threshold": 0.6,
    "num_layers": 2,
    "dense_neurons": 643
}