{
  "scenario": "Sc_4_T",
  "position": "chest",
  "label_type": "binary_two",
  "model_type": "MLP",
  "best_value": 0.9566167759296065,
  "best_params": {
    "dropout": 0.30000000000000004,
    "learning_rate": 0.001275752364066688,
    "decision_threshold": 0.6,
    "num_layers": 2,
    "dense_neurons": 643
  },
  "n_trials": 20,
  "optimization_history": [
    0.942987022637546,
    0.9192116724007571,
    0.9514338146919199,
    0.9170672064024881,
    0.9546891663031047,
    0.9420763218334585,
    0.9181609342851228,
    0.9486529671104119,
    0.9449991355806844,
    0.9506138494184586,
    0.9321034624875331,
    0.9490105319075584,
    0.9510765761479464,
    0.9489534616427925,
    0.9415857940468794,
    0.8136713714657988,
    0.945121732379876,
    0.9566167759296065,
    0.9495140988915818,
    0.9458435189302499
  ]
}