,Model,MCC,Sensitivity,Specificity,Precision,Accuracy,tp,tn,fp,fn
mean,mean,0.9642985072109725,0.9950605778191056,0.9751851851844627,0.9968777399233246,0.9928394039734278,1067.7,131.65,3.35,5.3
std,std,0.007285026931310114,0.0019850758710555833,0.014868324417004024,0.001858320445930879,0.0014777920945762124,2.129986409642831,2.007223796297028,2.007223796297028,2.129986409642831
