,Model,MCC,Sensitivity,Specificity,Precision,Accuracy,tp,tn,fp,fn
mean,mean,0.9478257290313776,0.9939759036143656,0.9554263565884067,0.9946865167052851,0.9898592715230968,1072.5,123.25,5.75,6.5
std,std,0.019341744419195197,0.00566141345124343,0.026838774540497976,0.003169660656423498,0.004185647683431149,6.10866511389225,3.4622019157269204,3.4622019157269204,6.10866511389225
