Model,MCC,Sensitivity,Specificity,Precision,Accuracy,tp,tn,fp,fn
6fold3,0.9345447464026629,0.9873708381169933,0.9894736842094848,0.9988385598140536,0.9875776397514505,860,94,1,11
