Model,MCC,Sensitivity,Specificity,Precision,Accuracy,tp,tn,fp,fn
6fold3,0.9457136365908996,0.9885189437427108,0.9999999999989474,0.9999999999998838,0.9896480331261915,861,95,0,10
