Model,MCC,Sensitivity,Specificity,Precision,Accuracy,tp,tn,fp,fn
6fold4,0.9184503095106857,0.9850746268655585,0.9789473684200222,0.9976744186045351,0.984472049689339,858,93,2,13
