Model,MCC,Sensitivity,Specificity,Precision,Accuracy,tp,tn,fp,fn
6fold5,0.9143231184531616,0.9839080459768984,0.9791666666656467,0.9976689976688813,0.9834368530019686,856,94,2,14
