Model,MCC,Sensitivity,Specificity,Precision,Accuracy,tp,tn,fp,fn
6fold1,0.93958518137108,0.9885189437427108,0.9894736842094848,0.9988399071924595,0.988612836438821,861,94,1,10
