{
    "trial_number": 6,
    "model_type": "CNN1D",
    "params": {
        "dropout": 0.2,
        "learning_rate": 0.00017989142003620311,
        "decision_threshold": 0.9,
        "filter_size": 121,
        "kernel_size": 6,
        "num_layers": 4,
        "num_dense_layers": 1,
        "dense_neurons": 432
    },
    "mean_mcc": 0.9422179028251179,
    "mcc_scores": [
        0.93958518137108,
        0.9184503095106857,
        0.9457136365908996,
        0.9361061608297104,
        0.9712342258232135
    ]
}