Model,MCC,Sensitivity,Specificity,Precision,Accuracy,tp,tn,fp,fn
10fold1,0.948335287954866,0.9931113662455805,0.9684210526305596,0.9965437788017285,0.990683229813562,865,92,3,6
