Model,MCC,Sensitivity,Specificity,Precision,Accuracy,tp,tn,fp,fn
10fold2,0.9285288125717259,0.9965556831227328,0.9052631578937839,0.9897377423031938,0.9875776397514505,868,86,9,3
