Model,MCC,Sensitivity,Specificity,Precision,Accuracy,tp,tn,fp,fn
10fold5,0.9411153703321247,0.9977011494251726,0.9166666666657118,0.9908675799085627,0.9896480331261915,868,88,8,2
