Model,MCC,Sensitivity,Specificity,Precision,Accuracy,tp,tn,fp,fn
10fold2,0.953302314339235,0.9954075774970154,0.9578947368410969,0.9954075774970154,0.9917184265009324,867,91,4,4
