Model,MCC,Sensitivity,Specificity,Precision,Accuracy,tp,tn,fp,fn
10fold4,0.8977465348797259,0.9954075774970154,0.8631578947359335,0.9852272727271607,0.9824016563145981,867,82,13,4
