Model,MCC,Sensitivity,Specificity,Precision,Accuracy,tp,tn,fp,fn
10fold5,0.9321066932666003,0.9908045977010355,0.9583333333323351,0.9953810623555432,0.9875776397514505,862,92,4,8
