{
    "trial_number": 10,
    "model_type": "MLP",
    "params": {
        "dropout": 0.5,
        "learning_rate": 0.00011632030106646794,
        "decision_threshold": 0.8,
        "num_layers": 1,
        "dense_neurons": 209
    },
    "mean_mcc": 0.9480805369961789,
    "mcc_scores": [
        0.9272538171128152,
        0.953302314339235,
        0.9764979265785729,
        0.9422332566181468,
        0.9411153703321247
    ]
}