Model,MCC,Sensitivity,Specificity,Precision,Accuracy,tp,tn,fp,fn
3fold5,0.9482083518197475,0.9942528735631041,0.9583333333323351,0.9953970080551213,0.990683229813562,865,92,4,5
