Model,MCC,Sensitivity,Specificity,Precision,Accuracy,tp,tn,fp,fn
3fold3,0.8784945155536698,0.9999999999998851,0.7894736842096953,0.9775533108865344,0.9792960662524866,871,75,20,0
