Model,MCC,Sensitivity,Specificity,Precision,Accuracy,tp,tn,fp,fn
3fold2,0.872601736412303,0.9735935706083841,0.9789473684200222,0.997647058823412,0.9741200828156341,848,93,2,23
