Model,MCC,Sensitivity,Specificity,Precision,Accuracy,tp,tn,fp,fn
3fold1,0.9073277666490455,0.983926521239841,0.9684210526305596,0.9965116279068608,0.9824016563145981,857,92,3,14
