{
    "trial_number": 3,
    "model_type": "MLP",
    "params": {
        "dropout": 0.1,
        "learning_rate": 0.006013604305027715,
        "decision_threshold": 0.6,
        "num_layers": 2,
        "dense_neurons": 371
    },
    "mean_mcc": 0.9330899323301907,
    "mcc_scores": [
        0.9314877823391454,
        0.872601736412303,
        0.9598494767405225,
        0.953302314339235,
        0.9482083518197475
    ]
}