Model,MCC,Sensitivity,Specificity,Precision,Accuracy,tp,tn,fp,fn
8,0.9428192729019227,0.987951807228824,0.9922480620147348,0.9990627928771322,0.9884105960264082,1066,128,1,13
