Model,MCC,Sensitivity,Specificity,Precision,Accuracy,tp,tn,fp,fn
8,1.0,0.9999999999999067,0.9999999999992594,0.9999999999999067,0.9999999999999172,1073,135,0,0
