Model,MCC,Sensitivity,Specificity,Precision,Accuracy,tp,tn,fp,fn
30fold5,0.7415983749819539,0.9701149425286241,0.791666666665842,0.9768518518517387,0.9523809523808537,844,76,20,26
