Model,MCC,Sensitivity,Specificity,Precision,Accuracy,tp,tn,fp,fn
30fold1,0.9109046174332657,0.9862227324912759,0.9578947368410969,0.9953650057936274,0.9834368530019686,859,91,4,12
