Model,MCC,Sensitivity,Specificity,Precision,Accuracy,tp,tn,fp,fn
30fold4,0.8733321559857248,0.9931113662455805,0.8421052631570083,0.9829545454544337,0.978260869565116,865,80,15,6
