Model,MCC,Sensitivity,Specificity,Precision,Accuracy,tp,tn,fp,fn
30fold2,0.8983267813228911,0.9862227324912759,0.9368421052621717,0.993063583814914,0.9813664596272276,859,89,6,12
