{
    "trial_number": 30,
    "model_type": "LSTM",
    "params": {
        "dropout": 0.30000000000000004,
        "learning_rate": 0.0030485381622302877,
        "decision_threshold": 0.5,
        "hidden_dim": 95,
        "num_layers": 2
    },
    "mean_mcc": 0.8514945183282734,
    "mcc_scores": [
        0.9109046174332657,
        0.8983267813228911,
        0.8333106619175311,
        0.8733321559857248,
        0.7415983749819539
    ]
}