Model,MCC,Sensitivity,Specificity,Precision,Accuracy,tp,tn,fp,fn
42fold3,0.970550621139447,0.9988518943741677,0.9578947368410969,0.9954233409609845,0.994824016563044,870,91,4,1
