Model,MCC,Sensitivity,Specificity,Precision,Accuracy,tp,tn,fp,fn
42fold4,0.9299534715088525,0.9931113662455805,0.9368421052621717,0.9931113662455805,0.9875776397514505,865,89,6,6
