Model,MCC,Sensitivity,Specificity,Precision,Accuracy,tp,tn,fp,fn
42fold5,0.9021566038128156,0.9896551724136793,0.9166666666657118,0.9907940161103578,0.9824016563145981,861,88,8,9
