Model,MCC,Sensitivity,Specificity,Precision,Accuracy,tp,tn,fp,fn
42fold1,0.9262313407821076,0.9896670493684282,0.9578947368410969,0.9953810623555432,0.98654244306408,862,91,4,9
