Model,MCC,Sensitivity,Specificity,Precision,Accuracy,tp,tn,fp,fn
7,0.9604551483043987,0.9990732159405932,0.9379844961233039,0.9926335174953045,0.99254966887409,1078,121,8,1
