Model,MCC,Sensitivity,Specificity,Precision,Accuracy,tp,tn,fp,fn
43fold1,0.9306665294715465,0.9919632606198631,0.9473684210516343,0.9942462600689305,0.9875776397514505,864,90,5,7
