Model,MCC,Sensitivity,Specificity,Precision,Accuracy,tp,tn,fp,fn
5fold2,0.6835089458847671,0.9667049368540795,0.7263157894729196,0.9700460829491969,0.9430641821945193,842,69,26,29
