Model,MCC,Sensitivity,Specificity,Precision,Accuracy,tp,tn,fp,fn
5fold1,0.7187634554700812,0.983926521239841,0.6736842105256067,0.9650900900899814,0.9534161490682243,857,64,31,14
