Model,MCC,Sensitivity,Specificity,Precision,Accuracy,tp,tn,fp,fn
5fold4,0.6624190466729912,0.9862227324912759,0.5789473684204433,0.9555061179086812,0.9461697722566308,859,55,40,12
