Model,MCC,Sensitivity,Specificity,Precision,Accuracy,tp,tn,fp,fn
5fold5,0.8316755823543376,0.9793103448274736,0.8749999999990885,0.9861111111109969,0.9689440993787817,852,84,12,18
