Model,MCC,Sensitivity,Specificity,Precision,Accuracy,tp,tn,fp,fn
5fold3,0.6778174865590477,0.9862227324912759,0.5999999999993684,0.9576365663321117,0.9482401656313718,859,57,38,12
