Model,MCC,Sensitivity,Specificity,Precision,Accuracy,tp,tn,fp,fn
5fold1,0.8820047864073023,0.983926521239841,0.9263157894727091,0.9918981481480333,0.978260869565116,857,88,7,14
