Model,MCC,Sensitivity,Specificity,Precision,Accuracy,tp,tn,fp,fn
5fold2,0.8322583227742832,0.967853042479797,0.9473684210516343,0.9941037735847884,0.9658385093166701,843,90,5,28
