Model,MCC,Sensitivity,Specificity,Precision,Accuracy,tp,tn,fp,fn
5fold4,0.7363608019607915,0.9655568312283621,0.8105263157886204,0.9790454016296881,0.9503105590061127,841,77,18,30
