Model,MCC,Sensitivity,Specificity,Precision,Accuracy,tp,tn,fp,fn
5fold3,0.7226372246611446,0.9816303099884062,0.6947368421045318,0.9671945701356371,0.9534161490682243,855,66,29,16
