Model,MCC,Sensitivity,Specificity,Precision,Accuracy,tp,tn,fp,fn
5fold5,0.7904224559233662,0.945977011494144,0.9895833333323025,0.998786407766869,0.9503105590061127,823,95,1,47
