{
    "trial_number": 5,
    "model_type": "LSTM",
    "params": {
        "dropout": 0.4,
        "learning_rate": 0.00011914786156903212,
        "decision_threshold": 0.7,
        "hidden_dim": 218,
        "num_layers": 2
    },
    "mean_mcc": 0.7213746291596108,
    "mcc_scores": [
        0.7187634554700812,
        0.6835089458847671,
        0.6778174865590477,
        0.7363608019607915,
        0.7904224559233662
    ]
}