{
    "trial_number": 5,
    "model_type": "LSTM",
    "params": {
        "dropout": 0.1,
        "learning_rate": 0.0006147771394146838,
        "decision_threshold": 0.5,
        "hidden_dim": 83,
        "num_layers": 1
    },
    "mean_mcc": 0.7861989925740117,
    "mcc_scores": [
        0.8820047864073023,
        0.8322583227742832,
        0.7226372246611446,
        0.6624190466729912,
        0.8316755823543376
    ]
}