Model,MCC,Sensitivity,Specificity,Precision,Accuracy,tp,tn,fp,fn
10fold5,0.965301724137931,0.9965517241378165,0.9687499999989909,0.9965517241378165,0.9937888198756735,867,93,3,3
