Model,MCC,Sensitivity,Specificity,Precision,Accuracy,tp,tn,fp,fn
10fold2,0.10362627803561444,0.9804822043626887,0.07368421052623822,0.9065817409765492,0.8913043478259947,854,7,88,17
