Model,MCC,Sensitivity,Specificity,Precision,Accuracy,tp,tn,fp,fn
10fold5,0.1037801812529027,0.9758620689654051,0.08333333333324652,0.906083244396915,0.8871635610765127,849,8,88,21
