{
    "trial_number": 10,
    "model_type": "CNN1D",
    "params": {
        "dropout": 0.5,
        "learning_rate": 0.008587123729003039,
        "decision_threshold": 0.5,
        "filter_size": 57,
        "kernel_size": 5,
        "num_layers": 2,
        "num_dense_layers": 2,
        "dense_neurons": 269
    },
    "mean_mcc": 0.041481291857703426,
    "mcc_scores": [
        0.0,
        0.10362627803561444,
        0.0,
        0.0,
        0.1037801812529027
    ]
}