Model,MCC,Sensitivity,Specificity,Precision,Accuracy,tp,tn,fp,fn
17fold2,0.9314877823391454,0.9908151549941456,0.9578947368410969,0.9953863898499428,0.9875776397514505,863,91,4,8
