Model,MCC,Sensitivity,Specificity,Precision,Accuracy,tp,tn,fp,fn
17fold5,0.9602142719479301,0.9942528735631041,0.9791666666656467,0.9976931949249137,0.992753623188303,865,94,2,5
