Model,MCC,Sensitivity,Specificity,Precision,Accuracy,tp,tn,fp,fn
17fold5,0.9382016510909755,0.9908045977010355,0.9687499999989909,0.9965317919073992,0.988612836438821,862,93,3,8
