Model,MCC,Sensitivity,Specificity,Precision,Accuracy,tp,tn,fp,fn
17fold1,0.8965608838530079,0.9781859931112539,0.9894736842094848,0.9988276670573272,0.9792960662524866,852,94,1,19
