{
    "trial_number": 17,
    "model_type": "CNN1D",
    "params": {
        "dropout": 0.4,
        "learning_rate": 0.00025016769862355287,
        "decision_threshold": 0.6,
        "filter_size": 62,
        "kernel_size": 3,
        "num_layers": 3,
        "num_dense_layers": 1,
        "dense_neurons": 229
    },
    "mean_mcc": 0.9435777569166348,
    "mcc_scores": [
        0.9385660747891933,
        0.9314877823391454,
        0.9490545807177124,
        0.9385660747891933,
        0.9602142719479301
    ]
}