Model,MCC,Sensitivity,Specificity,Precision,Accuracy,tp,tn,fp,fn
0fold4,0.9537999837647472,0.9942594718712979,0.9684210526305596,0.9965477560413122,0.9917184265009324,866,92,3,5
