Model,MCC,Sensitivity,Specificity,Precision,Accuracy,tp,tn,fp,fn
0fold1,0.9171532876138644,0.9862227324912759,0.9684210526305596,0.9965197215776106,0.984472049689339,859,92,3,12
