{
    "trial_number": 0,
    "model_type": "MLP",
    "params": {
        "dropout": 0.30000000000000004,
        "learning_rate": 0.00023129332597207752,
        "decision_threshold": 0.9,
        "num_layers": 2,
        "dense_neurons": 93
    },
    "mean_mcc": 0.942987022637546,
    "mcc_scores": [
        0.915941559436437,
        0.9429502757817718,
        0.9653667109113476,
        0.9429502757817718,
        0.9477262912764015
    ]
}