{
    "trial_number": 0,
    "model_type": "MLP",
    "params": {
        "dropout": 0.30000000000000004,
        "learning_rate": 0.002724417122557763,
        "decision_threshold": 0.9,
        "num_layers": 2,
        "dense_neurons": 122
    },
    "mean_mcc": 0.9407797382333845,
    "mcc_scores": [
        0.9171532876138644,
        0.9593464217230926,
        0.93958518137108,
        0.9537999837647472,
        0.9340138166941382
    ]
}