Model,MCC,Sensitivity,Specificity,Precision,Accuracy,tp,tn,fp,fn
23fold1,0.8217540231127463,0.9609644087254924,0.9684210526305596,0.9964285714284528,0.9616977225671882,837,92,3,34
