Model,MCC,Sensitivity,Specificity,Precision,Accuracy,tp,tn,fp,fn
23fold3,0.8235267610718858,0.9793340987369713,0.8631578947359335,0.9849884526557754,0.9679089026914112,853,82,13,18
