Model,MCC,Sensitivity,Specificity,Precision,Accuracy,tp,tn,fp,fn
23fold2,0.7982673162670575,0.9747416762341016,0.8526315789464709,0.9837775202779856,0.9627329192545587,849,81,14,22
