Model,MCC,Sensitivity,Specificity,Precision,Accuracy,tp,tn,fp,fn
23fold4,0.8098680718795904,0.983926521239841,0.8105263157886204,0.9794285714284594,0.9668737060040407,857,77,18,14
