Model,MCC,Sensitivity,Specificity,Precision,Accuracy,tp,tn,fp,fn
23fold5,0.8330431173499183,0.9712643678159802,0.9270833333323676,0.991784037558569,0.9668737060040407,845,89,7,25
