{
    "trial_number": 23,
    "model_type": "LSTM",
    "params": {
        "dropout": 0.30000000000000004,
        "learning_rate": 0.0005385620974134254,
        "decision_threshold": 0.5,
        "hidden_dim": 77,
        "num_layers": 1
    },
    "mean_mcc": 0.8172918579362397,
    "mcc_scores": [
        0.8217540231127463,
        0.7982673162670575,
        0.8235267610718858,
        0.8098680718795904,
        0.8330431173499183
    ]
}