Model,MCC,Sensitivity,Specificity,Precision,Accuracy,tp,tn,fp,fn
5,0.9672001092704654,0.9944082013046603,0.9851851851844555,0.9981290926098224,0.9933774834436263,1067,133,2,6
