Model,MCC,Sensitivity,Specificity,Precision,Accuracy,tp,tn,fp,fn
5,0.9518556332039758,0.9962928637626509,0.9457364341077941,0.9935304990756937,0.9908940397350173,1075,122,7,4
