Model,MCC,Sensitivity,Specificity,Precision,Accuracy,tp,tn,fp,fn
5,0.9958523711217446,0.9990680335506991,0.9999999999992594,0.9999999999999066,0.9991721854303808,1072,135,0,1
