Model,MCC,Sensitivity,Specificity,Precision,Accuracy,tp,tn,fp,fn
34fold5,0.8911320820076091,0.9781609195401174,0.9791666666656467,0.9976553341147716,0.978260869565116,851,94,2,19
