Model,MCC,Sensitivity,Specificity,Precision,Accuracy,tp,tn,fp,fn
34fold1,0.9059373407352564,0.9850746268655585,0.9578947368410969,0.9953596287701861,0.9824016563145981,858,91,4,13
