Model,MCC,Sensitivity,Specificity,Precision,Accuracy,tp,tn,fp,fn
34fold2,0.941140641932413,0.9954075774970154,0.9368421052621717,0.9931271477662093,0.9896480331261915,867,89,6,4
