Model,MCC,Sensitivity,Specificity,Precision,Accuracy,tp,tn,fp,fn
34fold3,0.9272538171128152,0.9885189437427108,0.9684210526305596,0.9965277777776624,0.98654244306408,861,92,3,10
