Model,MCC,Sensitivity,Specificity,Precision,Accuracy,tp,tn,fp,fn
3,0.9361959627666213,0.9851714550508818,0.999999999999225,0.9999999999999059,0.9867549668873355,1063,129,0,16
