Model,MCC,Sensitivity,Specificity,Precision,Accuracy,tp,tn,fp,fn
3,0.9916412065435124,0.9999999999999067,0.9851851851844555,0.998139534883628,0.9983443708608445,1073,133,2,0
