Model,MCC,Sensitivity,Specificity,Precision,Accuracy,tp,tn,fp,fn
3,0.9875398388918174,0.9981360671014913,0.9925925925918574,0.9990671641790112,0.9975165562913081,1071,134,1,2
