Model,MCC,Sensitivity,Specificity,Precision,Accuracy,tp,tn,fp,fn
37fold3,0.8168628479128816,0.9793340987369713,0.8526315789464709,0.9838523644750883,0.9668737060040407,853,81,14,18
