Model,MCC,Sensitivity,Specificity,Precision,Accuracy,tp,tn,fp,fn
37fold1,0.7871248167591556,0.9563719862226226,0.9368421052621717,0.9928486293205014,0.9544513457555948,833,89,6,38
