Model,MCC,Sensitivity,Specificity,Precision,Accuracy,tp,tn,fp,fn
37fold5,0.824156366519786,0.9551724137929936,0.9999999999989583,0.9999999999998797,0.9596273291924472,831,96,0,39
