Model,MCC,Sensitivity,Specificity,Precision,Accuracy,tp,tn,fp,fn
37fold4,0.7993293598121279,0.9517795637197529,0.9789473684200222,0.9975932611310472,0.9544513457555948,829,93,2,42
