Model,MCC,Sensitivity,Specificity,Precision,Accuracy,tp,tn,fp,fn
11fold3,0.9766511571696175,0.9977037887484502,0.9789473684200222,0.9977037887484502,0.9958592132504145,869,93,2,2
