Model,MCC,Sensitivity,Specificity,Precision,Accuracy,tp,tn,fp,fn
11fold4,0.9244860303830194,0.9919632606198631,0.9368421052621717,0.9931034482757478,0.98654244306408,864,89,6,7
