{
    "trial_number": 11,
    "model_type": "MLP",
    "params": {
        "dropout": 0.4,
        "learning_rate": 0.0011824949774300736,
        "decision_threshold": 0.8,
        "num_layers": 1,
        "dense_neurons": 221
    },
    "mean_mcc": 0.957827444130608,
    "mcc_scores": [
        0.9589635151628193,
        0.9468648999960091,
        0.9709665521697837,
        0.9649767357544262,
        0.9473655175700015
    ]
}