{
    "trial_number": 11,
    "model_type": "MLP",
    "params": {
        "dropout": 0.30000000000000004,
        "learning_rate": 0.0007712982697122247,
        "decision_threshold": 0.6,
        "num_layers": 2,
        "dense_neurons": 884
    },
    "mean_mcc": 0.9490105319075584,
    "mcc_scores": [
        0.948335287954866,
        0.9649767357544262,
        0.9766511571696175,
        0.9244860303830194,
        0.930603448275862
    ]
}