Model,MCC,Sensitivity,Specificity,Precision,Accuracy,tp,tn,fp,fn
32fold3,0.8619070565501613,0.9724454649826667,0.9684210526305596,0.9964705882351769,0.9720496894408931,847,92,3,24
