Model,MCC,Sensitivity,Specificity,Precision,Accuracy,tp,tn,fp,fn
32fold2,0.8274314354686821,0.9701492537312318,0.9263157894727091,0.991784037558569,0.9658385093166701,845,88,7,26
