Model,MCC,Sensitivity,Specificity,Precision,Accuracy,tp,tn,fp,fn
32fold5,0.8737099834067246,0.9701149425286241,0.9999999999989583,0.9999999999998814,0.9730848861282636,844,96,0,26
