Model,MCC,Sensitivity,Specificity,Precision,Accuracy,tp,tn,fp,fn
32fold1,0.7857507286712432,0.9471871412168832,0.9789473684200222,0.9975816203142687,0.9503105590061127,825,93,2,46
