Model,MCC,Sensitivity,Specificity,Precision,Accuracy,tp,tn,fp,fn
32fold4,0.8359198876069646,0.9632606199769272,0.9789473684200222,0.9976218787156959,0.9648033126292996,839,93,2,32
