Model,MCC,Sensitivity,Specificity,Precision,Accuracy,tp,tn,fp,fn
11,0.9598634241949532,0.9916123019570371,0.9925925925918574,0.9990610328637559,0.9917218543045536,1064,134,1,9
