Model,MCC,Sensitivity,Specificity,Precision,Accuracy,tp,tn,fp,fn
11,0.9832471838994986,0.9990680335506991,0.9777777777770535,0.9972093023254885,0.9966887417217718,1072,132,3,1
