Model,MCC,Sensitivity,Specificity,Precision,Accuracy,tp,tn,fp,fn
0fold1,0.7858865096795765,0.949483352468318,0.9684210526305596,0.9963855421685546,0.9513457556934832,827,92,3,44
