Model,MCC,Sensitivity,Specificity,Precision,Accuracy,tp,tn,fp,fn
0fold3,0.9046293017600587,0.9862227324912759,0.9473684210516343,0.9942129629628479,0.9824016563145981,859,90,5,12
