Model,MCC,Sensitivity,Specificity,Precision,Accuracy,tp,tn,fp,fn
0fold2,0.8236432038452873,0.9575200918483401,0.9894736842094848,0.9988023952094611,0.9606625258798177,834,94,1,37
