Model,MCC,Sensitivity,Specificity,Precision,Accuracy,tp,tn,fp,fn
0fold4,0.9025141261648475,0.9827784156141236,0.9684210526305596,0.9965075669381843,0.9813664596272276,856,92,3,15
