Model,MCC,Sensitivity,Specificity,Precision,Accuracy,tp,tn,fp,fn
0fold5,0.9268929391178043,0.9896551724136793,0.9583333333323351,0.9953757225432375,0.98654244306408,861,92,4,9
