Model,MCC,Sensitivity,Specificity,Precision,Accuracy,tp,tn,fp,fn
0fold4,0.8857442405353443,0.9770378874855364,0.9789473684200222,0.9976553341147716,0.9772256728777455,851,93,2,20
