Model,MCC,Sensitivity,Specificity,Precision,Accuracy,tp,tn,fp,fn
0fold2,0.8996408873166448,0.9850746268655585,0.9473684210516343,0.9942062572420632,0.9813664596272276,858,90,5,13
