Model,MCC,Sensitivity,Specificity,Precision,Accuracy,tp,tn,fp,fn
0fold5,0.8809039085972048,0.9931034482757478,0.8541666666657769,0.9840546697037603,0.9792960662524866,864,82,14,6
