Model,MCC,Sensitivity,Specificity,Precision,Accuracy,tp,tn,fp,fn
0fold1,0.7540901987819241,0.9357060849597089,0.9789473684200222,0.9975520195837212,0.9399585921324078,815,93,2,56
