{
    "trial_number": 0,
    "model_type": "CNN1D",
    "params": {
        "dropout": 0.30000000000000004,
        "learning_rate": 0.0026577675349201725,
        "decision_threshold": 0.8,
        "filter_size": 89,
        "kernel_size": 4,
        "num_layers": 4,
        "num_dense_layers": 2,
        "dense_neurons": 169
    },
    "mean_mcc": 0.8703479491100676,
    "mcc_scores": [
        0.7858865096795765,
        0.8236432038452873,
        0.929572852372326,
        0.8857442405353443,
        0.9268929391178043
    ]
}