{
    "trial_number": 0,
    "model_type": "CNN1D",
    "params": {
        "dropout": 0.4,
        "learning_rate": 0.0028983099354731013,
        "decision_threshold": 0.7,
        "filter_size": 61,
        "kernel_size": 7,
        "num_layers": 3,
        "num_dense_layers": 2,
        "dense_neurons": 123
    },
    "mean_mcc": 0.8683556845241359,
    "mcc_scores": [
        0.7540901987819241,
        0.8996408873166448,
        0.9046293017600587,
        0.9025141261648475,
        0.8809039085972048
    ]
}