Model,MCC,Sensitivity,Specificity,Precision,Accuracy,tp,tn,fp,fn
10,0.9254602869471907,0.9906803355078293,0.940740740740044,0.9925303454714293,0.9850993377482627,1063,127,8,10
