Model,MCC,Sensitivity,Specificity,Precision,Accuracy,tp,tn,fp,fn
10,0.8371066985527775,0.9684893419832281,0.9379844961233039,0.9924026590692314,0.9652317880793903,1045,121,8,34
