Model,MCC,Sensitivity,Specificity,Precision,Accuracy,tp,tn,fp,fn
10,0.8810513892405254,0.9701770736252591,0.9925925925918574,0.9990403071016315,0.9726821192052174,1041,134,1,32
