Model,MCC,Sensitivity,Specificity,Precision,Accuracy,tp,tn,fp,fn
20fold3,0.7641082673843624,0.9747416762341016,0.7999999999991578,0.9781105990782283,0.9575569358177062,849,76,19,22
