Model,MCC,Sensitivity,Specificity,Precision,Accuracy,tp,tn,fp,fn
20fold4,0.8919964808787003,0.9862227324912759,0.9263157894727091,0.9919168591222872,0.9803312629398571,859,88,7,12
