Model,MCC,Sensitivity,Specificity,Precision,Accuracy,tp,tn,fp,fn
20fold2,0.8166560200266003,0.9690011481055144,0.9157894736832465,0.9906103286383813,0.9637681159419291,844,87,8,27
