Model,MCC,Sensitivity,Specificity,Precision,Accuracy,tp,tn,fp,fn
20fold1,0.8489822663528458,0.9724454649826667,0.9473684210516343,0.9941314553989443,0.9699792960661522,847,90,5,24
