Model,MCC,Sensitivity,Specificity,Precision,Accuracy,tp,tn,fp,fn
20fold5,0.8592549886606822,0.9678160919539117,0.9895833333323025,0.9988137603794781,0.9699792960661522,842,95,1,28
