Model,MCC,Sensitivity,Specificity,Precision,Accuracy,tp,tn,fp,fn
12fold5,0.7762115111042209,0.9586206896550622,0.906249999999056,0.9893238434162527,0.9534161490682243,834,87,9,36
