Model,MCC,Sensitivity,Specificity,Precision,Accuracy,tp,tn,fp,fn
12fold3,0.8182080316264614,0.9827784156141236,0.8315789473675457,0.9816513761466764,0.9679089026914112,856,79,16,15
