Model,MCC,Sensitivity,Specificity,Precision,Accuracy,tp,tn,fp,fn
12fold4,0.84247766726469,0.9724454649826667,0.9368421052621717,0.9929660023445495,0.9689440993787817,847,89,6,24
