Model,MCC,Sensitivity,Specificity,Precision,Accuracy,tp,tn,fp,fn
12fold2,0.8651265261385808,0.9873708381169933,0.8736842105253961,0.9862385321099786,0.9761904761903751,860,83,12,11
