Model,MCC,Sensitivity,Specificity,Precision,Accuracy,tp,tn,fp,fn
12fold3,0.72187322548169,0.9781859931112539,0.715789473683457,0.9692832764504016,0.9523809523808537,852,68,27,19
