Model,MCC,Sensitivity,Specificity,Precision,Accuracy,tp,tn,fp,fn
12fold1,0.7525668074593989,0.949483352468318,0.9157894736832465,0.990419161676528,0.9461697722566308,827,87,8,44
