Model,MCC,Sensitivity,Specificity,Precision,Accuracy,tp,tn,fp,fn
12fold1,0.8534906359870115,0.9701492537312318,0.9684210526305596,0.9964622641508258,0.9699792960661522,845,92,3,26
