Model,MCC,Sensitivity,Specificity,Precision,Accuracy,tp,tn,fp,fn
12fold5,0.8640196903977823,0.9793103448274736,0.9270833333323676,0.9918509895225853,0.9741200828156341,852,89,7,18
