{
    "trial_number": 12,
    "model_type": "LSTM",
    "params": {
        "dropout": 0.30000000000000004,
        "learning_rate": 0.0022289965237325534,
        "decision_threshold": 0.5,
        "hidden_dim": 64,
        "num_layers": 3
    },
    "mean_mcc": 0.778580085779031,
    "mcc_scores": [
        0.7525668074593989,
        0.7997712175851559,
        0.72187322548169,
        0.84247766726469,
        0.7762115111042209
    ]
}