Model,MCC,Sensitivity,Specificity,Precision,Accuracy,tp,tn,fp,fn
3fold5,0.965042923538783,0.9977011494251726,0.9583333333323351,0.995412844036583,0.9937888198756735,868,92,4,2
