Model,MCC,Sensitivity,Specificity,Precision,Accuracy,tp,tn,fp,fn
3fold5,0.0,0.999999999999885,0.0,0.9006211180123291,0.9006211180123291,870,0,96,0
