Model,MCC,Sensitivity,Specificity,Precision,Accuracy,tp,tn,fp,fn
3fold1,0.9551345210653538,0.9919632606198631,0.9894736842094848,0.9988439306357226,0.9917184265009324,864,94,1,7
