{
    "trial_number": 3,
    "model_type": "CNN1D",
    "params": {
        "dropout": 0.1,
        "learning_rate": 0.00021452214503016431,
        "decision_threshold": 0.7,
        "filter_size": 114,
        "kernel_size": 3,
        "num_layers": 3,
        "num_dense_layers": 1,
        "dense_neurons": 105
    },
    "mean_mcc": 0.9480019914221385,
    "mcc_scores": [
        0.9551345210653538,
        0.9314877823391454,
        0.9345447464026629,
        0.9537999837647472,
        0.965042923538783
    ]
}