{
    "trial_number": 3,
    "model_type": "CNN1D",
    "params": {
        "dropout": 0.1,
        "learning_rate": 0.008401628846485877,
        "decision_threshold": 0.5,
        "filter_size": 65,
        "kernel_size": 7,
        "num_layers": 4,
        "num_dense_layers": 2,
        "dense_neurons": 220
    },
    "mean_mcc": 0.36988443293254036,
    "mcc_scores": [
        0.0,
        0.9272538171128152,
        0.9221683475498865,
        0.0,
        0.0
    ]
}