Model,MCC,Sensitivity,Specificity,Precision,Accuracy,tp,tn,fp,fn
18fold4,0.7256520797478272,0.9896670493684282,0.6421052631572188,0.962053571428464,0.9554865424429653,862,61,34,9
