Model,MCC,Sensitivity,Specificity,Precision,Accuracy,tp,tn,fp,fn
18fold3,0.8412401028484817,0.9667049368540795,0.9684210526305596,0.9964497041418938,0.9668737060040407,842,92,3,29
