Model,MCC,Sensitivity,Specificity,Precision,Accuracy,tp,tn,fp,fn
18fold2,0.8003615357174656,0.9563719862226226,0.9578947368410969,0.995221027478973,0.9565217391303357,833,91,4,38
