Model,MCC,Sensitivity,Specificity,Precision,Accuracy,tp,tn,fp,fn
18fold2,0.8028221316424139,0.9724454649826667,0.8736842105253961,0.9860302677530866,0.9627329192545587,847,83,12,24
