Model,MCC,Sensitivity,Specificity,Precision,Accuracy,tp,tn,fp,fn
18fold3,0.8208443806293627,0.9701492537312318,0.9157894736832465,0.9906213364594383,0.9648033126292996,845,87,8,26
