Model,MCC,Sensitivity,Specificity,Precision,Accuracy,tp,tn,fp,fn
18fold5,0.8206265849254518,0.9540229885056374,0.9999999999989583,0.9999999999998794,0.9585921325050767,830,96,0,40
