Model,MCC,Sensitivity,Specificity,Precision,Accuracy,tp,tn,fp,fn
18fold5,0.8482307787058654,0.9701149425286241,0.9583333333323351,0.9952830188678071,0.9689440993787817,844,92,4,26
