Model,MCC,Sensitivity,Specificity,Precision,Accuracy,tp,tn,fp,fn
18fold1,0.7992308267405099,0.9621125143512098,0.9263157894727091,0.9917159763312435,0.9585921325050767,838,88,7,33
