Model,MCC,Sensitivity,Specificity,Precision,Accuracy,tp,tn,fp,fn
18fold1,0.7488546077861317,0.9311136624568391,0.9894736842094848,0.9987684729062809,0.9368530020702963,811,94,1,60
