{
    "trial_number": 18,
    "model_type": "LSTM",
    "params": {
        "dropout": 0.5,
        "learning_rate": 0.004383996475502374,
        "decision_threshold": 0.5,
        "hidden_dim": 168,
        "num_layers": 1
    },
    "mean_mcc": 0.8034351839370195,
    "mcc_scores": [
        0.7992308267405099,
        0.8028221316424139,
        0.8412401028484817,
        0.7256520797478272,
        0.8482307787058654
    ]
}