Model,MCC,Sensitivity,Specificity,Precision,Accuracy,tp,tn,fp,fn
4,0.9181269718261149,0.9832246039141674,0.9777777777770535,0.9971644612475428,0.9826158940396538,1055,132,3,18
