Model,MCC,Sensitivity,Specificity,Precision,Accuracy,tp,tn,fp,fn
4,0.8459140619535213,0.9638554216866576,0.9767441860457545,0.9971236816873444,0.9652317880793903,1040,126,3,39
