feature,delta_mcc,delta_f1,delta_acc,mcc,f1,acc
acc_x,0.05972486526565113,0.03651645685457916,0.007450331125827825,0.7899616259584911,0.8879394757727868,0.9627483443708609
acc_y,0.5056293433845618,0.28632571472924273,0.0653973509933774,0.3440571478395804,0.6381302178981232,0.9048013245033113
acc_z,0.27645053669428543,0.1555131231074599,0.039735099337748325,0.5732359545298568,0.768942809519906,0.9304635761589404
gyr_x,-0.00839972570029357,-0.0041968926318131095,-0.0016556291390729116,0.8580862169244358,0.928652825259179,0.9718543046357616
gyr_y,0.013278076425166763,0.0065636283938839135,0.002483443708609201,0.8364084147989754,0.917892304233482,0.9677152317880795
gyr_z,0.04544700361086973,0.023251655295995488,0.009933774834437026,0.8042394876132725,0.9012042773313704,0.9602649006622517
