feature,delta_mcc,delta_f1,delta_acc,mcc,f1,acc
acc_x,0.046597213411390226,0.023944546979263848,0.009105960264900737,0.9492282687507766,0.9739638338685691,0.9900662251655629
acc_y,0.6044450158075959,0.3727310758832939,0.0918874172185431,0.3913804663545709,0.625177304964539,0.9072847682119205
acc_z,0.06036142843360848,0.030427174045267513,0.012417218543046338,0.9354640537285583,0.9674812068025654,0.9867549668874173
gyr_x,0.008378454946424085,0.0042243574452575094,0.0016556291390729116,0.9874470272157427,0.9936840234025754,0.9975165562913907
gyr_y,0.0041842756186544205,0.0021052734796459527,0.0008278145695364003,0.9916412065435124,0.995803107368187,0.9983443708609272
gyr_z,0.008378454946424085,0.0042243574452575094,0.0016556291390729116,0.9874470272157427,0.9936840234025754,0.9975165562913907
