feature,delta_mcc,delta_f1,delta_acc,mcc,f1,acc
acc_x,0.026898074829324714,0.013560647605751486,0.004966887417218624,0.9428387724451275,0.9713032148658995,0.9892384105960265
acc_y,0.7489397378553986,0.4601476602012692,0.09519867549668881,0.2207971094190536,0.5247162022703818,0.8990066225165563
acc_z,0.032896299176024324,0.016652499612778815,0.0066225165562914245,0.9368405480984279,0.9682113628588722,0.9875827814569537
gyr_x,0.004180534854503981,0.0021037654258396765,0.0008278145695365113,0.9655563124199482,0.9827600970458114,0.9933774834437086
gyr_y,0.0038426272172001896,0.0019880482577263603,0.0008278145695365113,0.965894220057252,0.9828758142139247,0.9933774834437086
gyr_z,0.012800745080012277,0.006413741164386866,0.002483443708609312,0.9569361021944399,0.9784501213072642,0.9917218543046358
