feature,delta_mcc,delta_f1,delta_acc,mcc,f1,acc
acc_x,0.006456179902956993,0.002898135022541437,0.0008278145695364003,0.9563446998794012,0.9781539351851851,0.9917218543046358
acc_y,0.3323096623895938,0.19446740310814292,0.053807947019867575,0.6304912173927644,0.7865846670995836,0.9387417218543046
acc_z,0.019194392564603424,0.010052289698508021,0.004139072847682113,0.9436064872177548,0.9709997805092185,0.9884105960264901
gyr_x,0.007795668802434541,0.004059880881563838,0.0016556291390728006,0.9550052109799236,0.9769921893261627,0.9908940397350994
gyr_y,0.003917954454400574,0.0020365333667915486,0.0008278145695364003,0.9588829253279576,0.979015536840935,0.9917218543046358
gyr_z,0.007795668802434541,0.004059880881563838,0.0016556291390728006,0.9550052109799236,0.9769921893261627,0.9908940397350994
