feature,delta_mcc,delta_f1,delta_acc,mcc,f1,acc
acc_x,0.16230306632165947,0.08697540135659154,0.02980132450331119,0.8040192076164854,0.8959004128573331,0.9635761589403974
acc_y,0.8515137004884276,0.4974567387454294,0.10347682119205293,0.11480857344971725,0.4854190754684953,0.8899006622516556
acc_z,0.30650464880784756,0.1739226885275037,0.05298013245033106,0.6598176251302973,0.808953125686421,0.9403973509933775
gyr_x,0.021460799233930627,0.010985783909429836,0.004139072847682113,0.9448614747042142,0.9718900303044948,0.9892384105960265
gyr_y,0.052006150281360464,0.02687123985509965,0.009933774834437026,0.9143161236567844,0.956004574358825,0.9834437086092715
gyr_z,0.0602832132131047,0.03028554733794353,0.011589403973509937,0.9060390607250401,0.9525902668759811,0.9817880794701986
