feature,delta_mcc,delta_f1,delta_acc,mcc,f1,acc
acc_x,0.08201731888469077,0.042844129638049844,0.01572847682119205,0.9055225200071266,0.950921514312096,0.9817880794701986
acc_y,0.6125519299476115,0.38437149827281436,0.09188741721854299,0.37498790894420586,0.6093941456773315,0.9056291390728477
acc_z,0.01693649561061983,0.008502922677469549,0.0033112582781456013,0.9706033432811976,0.9852627212726763,0.9942052980132451
gyr_x,0.004218586605047925,0.0021050178067612,0.0008278145695364003,0.9833212522867695,0.9916606261433847,0.9966887417218543
gyr_y,0.02463212348565924,0.012349020442995018,0.004966887417218513,0.9629077154061582,0.9814166235071509,0.9925496688741722
gyr_z,0.008447427384557282,0.004223739710981,0.0016556291390728006,0.9790924115072601,0.9895419042391649,0.9958609271523179
