Model,MCC,Sensitivity,Specificity,Precision,Accuracy,tp,tn,fp,fn
2,0.9834623191469628,0.9972041006522835,0.9925925925918574,0.9990662931838469,0.9966887417217718,1070,134,1,3
