Model,MCC,Sensitivity,Specificity,Precision,Accuracy,tp,tn,fp,fn
2,0.9561539173393422,0.997219647821965,0.9457364341077941,0.9935364727607577,0.9917218543045536,1076,122,7,3
