Model,MCC,Sensitivity,Specificity,Precision,Accuracy,tp,tn,fp,fn
2,0.9629077154061582,0.9944082013046603,0.9777777777770535,0.9971962616821497,0.99254966887409,1067,132,3,6
