{
    "0": {
        "precision": 0.950920245398773,
        "recall": 0.8806818181818182,
        "f1-score": 0.9144542772861357,
        "support": 176.0
    },
    "1": {
        "precision": 0.9836702954898912,
        "recall": 0.9937156323644933,
        "f1-score": 0.9886674482219617,
        "support": 1273.0
    },
    "accuracy": 0.9799861973775017,
    "macro avg": {
        "precision": 0.9672952704443321,
        "recall": 0.9371987252731557,
        "f1-score": 0.9515608627540487,
        "support": 1449.0
    },
    "weighted avg": {
        "precision": 0.979692373601667,
        "recall": 0.9799861973775017,
        "f1-score": 0.979653288053083,
        "support": 1449.0
    }
}