{
    "0": {
        "precision": 0.9557522123893806,
        "recall": 0.6101694915254238,
        "f1-score": 0.7448275862068966,
        "support": 177.0
    },
    "1": {
        "precision": 0.9474485910129474,
        "recall": 0.9959967974379503,
        "f1-score": 0.9711163153786104,
        "support": 1249.0
    },
    "accuracy": 0.9481065918653576,
    "macro avg": {
        "precision": 0.951600401701164,
        "recall": 0.803083144481687,
        "f1-score": 0.8579719507927535,
        "support": 1426.0
    },
    "weighted avg": {
        "precision": 0.9484792649145104,
        "recall": 0.9481065918653576,
        "f1-score": 0.9430285839176054,
        "support": 1426.0
    }
}