{
    "0": {
        "precision": 0.910958904109589,
        "recall": 0.7556818181818182,
        "f1-score": 0.8260869565217391,
        "support": 176.0
    },
    "1": {
        "precision": 0.9671253822629969,
        "recall": 0.9898278560250391,
        "f1-score": 0.9783449342614076,
        "support": 1278.0
    },
    "accuracy": 0.9614855570839065,
    "macro avg": {
        "precision": 0.939042143186293,
        "recall": 0.8727548371034286,
        "f1-score": 0.9022159453915733,
        "support": 1454.0
    },
    "weighted avg": {
        "precision": 0.9603266888964221,
        "recall": 0.9614855570839065,
        "f1-score": 0.9599148076574311,
        "support": 1454.0
    }
}