{
    "0": {
        "precision": 0.9790209790209791,
        "recall": 0.7954545454545454,
        "f1-score": 0.877742946708464,
        "support": 176.0
    },
    "1": {
        "precision": 0.9724349157733537,
        "recall": 0.997643362136685,
        "f1-score": 0.9848778596355177,
        "support": 1273.0
    },
    "accuracy": 0.9730848861283644,
    "macro avg": {
        "precision": 0.9757279473971664,
        "recall": 0.8965489537956153,
        "f1-score": 0.9313104031719908,
        "support": 1449.0
    },
    "weighted avg": {
        "precision": 0.973234879287213,
        "recall": 0.9730848861283644,
        "f1-score": 0.9718649233517623,
        "support": 1449.0
    }
}