{
    "0": {
        "precision": 0.7981220657276995,
        "recall": 0.96045197740113,
        "f1-score": 0.8717948717948718,
        "support": 177.0
    },
    "1": {
        "precision": 0.9942291838417148,
        "recall": 0.9655724579663731,
        "f1-score": 0.9796913078797725,
        "support": 1249.0
    },
    "accuracy": 0.9649368863955119,
    "macro avg": {
        "precision": 0.8961756247847071,
        "recall": 0.9630122176837516,
        "f1-score": 0.9257430898373222,
        "support": 1426.0
    },
    "weighted avg": {
        "precision": 0.9698876972314898,
        "recall": 0.9649368863955119,
        "f1-score": 0.9662988329940592,
        "support": 1426.0
    }
}