{
    "0": {
        "precision": 0.8648648648648649,
        "recall": 0.903954802259887,
        "f1-score": 0.8839779005524862,
        "support": 177.0
    },
    "1": {
        "precision": 0.9863013698630136,
        "recall": 0.9799839871897518,
        "f1-score": 0.983132530120482,
        "support": 1249.0
    },
    "accuracy": 0.97054698457223,
    "macro avg": {
        "precision": 0.9255831173639393,
        "recall": 0.9419693947248193,
        "f1-score": 0.9335552153364841,
        "support": 1426.0
    },
    "weighted avg": {
        "precision": 0.9712282552875071,
        "recall": 0.97054698457223,
        "f1-score": 0.9708251181755062,
        "support": 1426.0
    }
}