{
    "0": {
        "precision": 0.993421052631579,
        "recall": 0.8579545454545454,
        "f1-score": 0.9207317073170732,
        "support": 176.0
    },
    "1": {
        "precision": 0.9807247494217425,
        "recall": 0.9992144540455616,
        "f1-score": 0.9898832684824903,
        "support": 1273.0
    },
    "accuracy": 0.9820565907522429,
    "macro avg": {
        "precision": 0.9870729010266608,
        "recall": 0.9285844997500535,
        "f1-score": 0.9553074878997818,
        "support": 1449.0
    },
    "weighted avg": {
        "precision": 0.9822668814886378,
        "recall": 0.9820565907522429,
        "f1-score": 0.9814839070158834,
        "support": 1449.0
    }
}