{
    "0": {
        "precision": 0.8633879781420765,
        "recall": 0.8977272727272727,
        "f1-score": 0.8802228412256268,
        "support": 176.0
    },
    "1": {
        "precision": 0.985781990521327,
        "recall": 0.9803613511390417,
        "f1-score": 0.9830641985033478,
        "support": 1273.0
    },
    "accuracy": 0.9703243616287095,
    "macro avg": {
        "precision": 0.9245849843317018,
        "recall": 0.9390443119331572,
        "f1-score": 0.9316435198644872,
        "support": 1449.0
    },
    "weighted avg": {
        "precision": 0.9709156370508314,
        "recall": 0.9703243616287095,
        "f1-score": 0.9705727707042595,
        "support": 1449.0
    }
}