{
    "0": {
        "precision": 0.8181818181818182,
        "recall": 0.8693181818181818,
        "f1-score": 0.8429752066115702,
        "support": 176.0
    },
    "1": {
        "precision": 0.9818468823993686,
        "recall": 0.97339593114241,
        "f1-score": 0.9776031434184675,
        "support": 1278.0
    },
    "accuracy": 0.9607977991746905,
    "macro avg": {
        "precision": 0.9000143502905934,
        "recall": 0.9213570564802959,
        "f1-score": 0.9102891750150188,
        "support": 1454.0
    },
    "weighted avg": {
        "precision": 0.962035980540848,
        "recall": 0.9607977991746905,
        "f1-score": 0.9613070520305624,
        "support": 1454.0
    }
}