{
    "0": {
        "precision": 0.8571428571428571,
        "recall": 0.847457627118644,
        "f1-score": 0.8522727272727273,
        "support": 177.0
    },
    "1": {
        "precision": 0.9784172661870504,
        "recall": 0.9799839871897518,
        "f1-score": 0.9792,
        "support": 1249.0
    },
    "accuracy": 0.9635343618513323,
    "macro avg": {
        "precision": 0.9177800616649537,
        "recall": 0.9137208071541979,
        "f1-score": 0.9157363636363636,
        "support": 1426.0
    },
    "weighted avg": {
        "precision": 0.9633642715160671,
        "recall": 0.9635343618513323,
        "f1-score": 0.9634453525436696,
        "support": 1426.0
    }
}