{
    "0": {
        "precision": 0.7514450867052023,
        "recall": 0.7386363636363636,
        "f1-score": 0.7449856733524355,
        "support": 176.0
    },
    "1": {
        "precision": 0.9639498432601881,
        "recall": 0.9662215239591516,
        "f1-score": 0.9650843468026677,
        "support": 1273.0
    },
    "accuracy": 0.9385783298826778,
    "macro avg": {
        "precision": 0.8576974649826952,
        "recall": 0.8524289437977577,
        "f1-score": 0.8550350100775517,
        "support": 1449.0
    },
    "weighted avg": {
        "precision": 0.9381383614426053,
        "recall": 0.9385783298826778,
        "f1-score": 0.9383504844650273,
        "support": 1449.0
    }
}