{
    "0": {
        "precision": 0.9219858156028369,
        "recall": 0.7344632768361582,
        "f1-score": 0.8176100628930818,
        "support": 177.0
    },
    "1": {
        "precision": 0.9634241245136187,
        "recall": 0.9911929543634908,
        "f1-score": 0.9771112865035517,
        "support": 1249.0
    },
    "accuracy": 0.9593267882187938,
    "macro avg": {
        "precision": 0.9427049700582277,
        "recall": 0.8628281155998245,
        "f1-score": 0.8973606746983167,
        "support": 1426.0
    },
    "weighted avg": {
        "precision": 0.9582806598030938,
        "recall": 0.9593267882187938,
        "f1-score": 0.9573134487903308,
        "support": 1426.0
    }
}