{
    "0": {
        "precision": 0.8580246913580247,
        "recall": 0.7853107344632768,
        "f1-score": 0.8200589970501475,
        "support": 177.0
    },
    "1": {
        "precision": 0.9699367088607594,
        "recall": 0.9815852682145717,
        "f1-score": 0.9757262236370872,
        "support": 1249.0
    },
    "accuracy": 0.9572230014025246,
    "macro avg": {
        "precision": 0.913980700109392,
        "recall": 0.8834480013389243,
        "f1-score": 0.8978926103436173,
        "support": 1426.0
    },
    "weighted avg": {
        "precision": 0.9560458062675027,
        "recall": 0.9572230014025246,
        "f1-score": 0.9564042747549776,
        "support": 1426.0
    }
}