{
    "0": {
        "precision": 0.9551282051282052,
        "recall": 0.8465909090909091,
        "f1-score": 0.8975903614457831,
        "support": 176.0
    },
    "1": {
        "precision": 0.9791987673343605,
        "recall": 0.9945226917057903,
        "f1-score": 0.9868012422360248,
        "support": 1278.0
    },
    "accuracy": 0.9766162310866575,
    "macro avg": {
        "precision": 0.9671634862312828,
        "recall": 0.9205568003983498,
        "f1-score": 0.942195801840904,
        "support": 1454.0
    },
    "weighted avg": {
        "precision": 0.9762851366959263,
        "recall": 0.9766162310866575,
        "f1-score": 0.9760026761981414,
        "support": 1454.0
    }
}