{
    "0": {
        "precision": 0.959349593495935,
        "recall": 0.6704545454545454,
        "f1-score": 0.7892976588628763,
        "support": 176.0
    },
    "1": {
        "precision": 0.9564237415477085,
        "recall": 0.9960876369327074,
        "f1-score": 0.97585281717133,
        "support": 1278.0
    },
    "accuracy": 0.9566712517193948,
    "macro avg": {
        "precision": 0.9578866675218217,
        "recall": 0.8332710911936264,
        "f1-score": 0.8825752380171031,
        "support": 1454.0
    },
    "weighted avg": {
        "precision": 0.9567779024437799,
        "recall": 0.9566712517193948,
        "f1-score": 0.9532711749001553,
        "support": 1454.0
    }
}