{
    "0": {
        "precision": 0.8606060606060606,
        "recall": 0.8022598870056498,
        "f1-score": 0.8304093567251462,
        "support": 177.0
    },
    "1": {
        "precision": 0.972244250594766,
        "recall": 0.9815852682145717,
        "f1-score": 0.9768924302788845,
        "support": 1249.0
    },
    "accuracy": 0.9593267882187938,
    "macro avg": {
        "precision": 0.9164251556004133,
        "recall": 0.8919225776101107,
        "f1-score": 0.9036508935020153,
        "support": 1426.0
    },
    "weighted avg": {
        "precision": 0.9583873364096321,
        "recall": 0.9593267882187938,
        "f1-score": 0.958710449900896,
        "support": 1426.0
    }
}