{
    "0": {
        "precision": 0.8768115942028986,
        "recall": 0.6836158192090396,
        "f1-score": 0.7682539682539683,
        "support": 177.0
    },
    "1": {
        "precision": 0.9565217391304348,
        "recall": 0.9863891112890312,
        "f1-score": 0.9712258573117856,
        "support": 1249.0
    },
    "accuracy": 0.9488078541374474,
    "macro avg": {
        "precision": 0.9166666666666667,
        "recall": 0.8350024652490353,
        "f1-score": 0.8697399127828769,
        "support": 1426.0
    },
    "weighted avg": {
        "precision": 0.9466278431611683,
        "recall": 0.9488078541374474,
        "f1-score": 0.9460322918396722,
        "support": 1426.0
    }
}