{
    "0": {
        "precision": 0.8944099378881988,
        "recall": 0.8181818181818182,
        "f1-score": 0.8545994065281899,
        "support": 176.0
    },
    "1": {
        "precision": 0.9752513534416086,
        "recall": 0.986697965571205,
        "f1-score": 0.9809412679891093,
        "support": 1278.0
    },
    "accuracy": 0.9662998624484181,
    "macro avg": {
        "precision": 0.9348306456649037,
        "recall": 0.9024398918765116,
        "f1-score": 0.9177703372586496,
        "support": 1454.0
    },
    "weighted avg": {
        "precision": 0.965465872604332,
        "recall": 0.9662998624484181,
        "f1-score": 0.9656481678397819,
        "support": 1454.0
    }
}