{
    "0": {
        "precision": 0.956140350877193,
        "recall": 0.615819209039548,
        "f1-score": 0.7491408934707904,
        "support": 177.0
    },
    "1": {
        "precision": 0.948170731707317,
        "recall": 0.9959967974379503,
        "f1-score": 0.9714955095665756,
        "support": 1249.0
    },
    "accuracy": 0.9488078541374474,
    "macro avg": {
        "precision": 0.952155541292255,
        "recall": 0.8059080032387491,
        "f1-score": 0.860318201518683,
        "support": 1426.0
    },
    "weighted avg": {
        "precision": 0.949159948111993,
        "recall": 0.9488078541374474,
        "f1-score": 0.9438960936837186,
        "support": 1426.0
    }
}