{
    "0": {
        "precision": 0.6290909090909091,
        "recall": 0.9829545454545454,
        "f1-score": 0.7671840354767184,
        "support": 176.0
    },
    "1": {
        "precision": 0.9974554707379135,
        "recall": 0.92018779342723,
        "f1-score": 0.9572649572649573,
        "support": 1278.0
    },
    "accuracy": 0.9277854195323246,
    "macro avg": {
        "precision": 0.8132731899144113,
        "recall": 0.9515711694408877,
        "f1-score": 0.8622244963708379,
        "support": 1454.0
    },
    "weighted avg": {
        "precision": 0.9528666379663367,
        "recall": 0.9277854195323246,
        "f1-score": 0.9342565375711952,
        "support": 1454.0
    }
}