{
    "0": {
        "precision": 0.8909090909090909,
        "recall": 0.8352272727272727,
        "f1-score": 0.8621700879765396,
        "support": 176.0
    },
    "1": {
        "precision": 0.9775019394879751,
        "recall": 0.9859154929577465,
        "f1-score": 0.9816906895208415,
        "support": 1278.0
    },
    "accuracy": 0.96767537826685,
    "macro avg": {
        "precision": 0.934205515198533,
        "recall": 0.9105713828425096,
        "f1-score": 0.9219303887486905,
        "support": 1454.0
    },
    "weighted avg": {
        "precision": 0.9670202741854418,
        "recall": 0.96767537826685,
        "f1-score": 0.9672232714522052,
        "support": 1454.0
    }
}