{
    "0": {
        "precision": 0.8913043478260869,
        "recall": 0.6988636363636364,
        "f1-score": 0.7834394904458599,
        "support": 176.0
    },
    "1": {
        "precision": 0.9595728451563692,
        "recall": 0.9882168106834249,
        "f1-score": 0.9736842105263158,
        "support": 1273.0
    },
    "accuracy": 0.9530710835058661,
    "macro avg": {
        "precision": 0.9254385964912281,
        "recall": 0.8435402235235306,
        "f1-score": 0.8785618504860879,
        "support": 1449.0
    },
    "weighted avg": {
        "precision": 0.9512807433412348,
        "recall": 0.9530710835058661,
        "f1-score": 0.9505765012549837,
        "support": 1449.0
    }
}