{
    "0": {
        "precision": 0.9069767441860465,
        "recall": 0.4406779661016949,
        "f1-score": 0.5931558935361216,
        "support": 177.0
    },
    "1": {
        "precision": 0.9261194029850747,
        "recall": 0.9935948759007206,
        "f1-score": 0.9586713016608729,
        "support": 1249.0
    },
    "accuracy": 0.9249649368863955,
    "macro avg": {
        "precision": 0.9165480735855606,
        "recall": 0.7171364210012078,
        "f1-score": 0.7759135975984972,
        "support": 1426.0
    },
    "weighted avg": {
        "precision": 0.9237433506657003,
        "recall": 0.9249649368863955,
        "f1-score": 0.9133022783522607,
        "support": 1426.0
    }
}