{
    "0": {
        "precision": 0.9491525423728814,
        "recall": 0.9545454545454546,
        "f1-score": 0.9518413597733711,
        "support": 176.0
    },
    "1": {
        "precision": 0.9937353171495693,
        "recall": 0.9929577464788732,
        "f1-score": 0.9933463796477495,
        "support": 1278.0
    },
    "accuracy": 0.9883081155433288,
    "macro avg": {
        "precision": 0.9714439297612254,
        "recall": 0.9737516005121639,
        "f1-score": 0.9725938697105603,
        "support": 1454.0
    },
    "weighted avg": {
        "precision": 0.9883387776992962,
        "recall": 0.9883081155433288,
        "f1-score": 0.9883223882461741,
        "support": 1454.0
    }
}