{
    "0": {
        "precision": 0.8931297709923665,
        "recall": 0.6610169491525424,
        "f1-score": 0.7597402597402597,
        "support": 177.0
    },
    "1": {
        "precision": 0.9536679536679536,
        "recall": 0.988791032826261,
        "f1-score": 0.9709119496855346,
        "support": 1249.0
    },
    "accuracy": 0.9481065918653576,
    "macro avg": {
        "precision": 0.9233988623301601,
        "recall": 0.8249039909894017,
        "f1-score": 0.8653261047128972,
        "support": 1426.0
    },
    "weighted avg": {
        "precision": 0.9461537472629192,
        "recall": 0.9481065918653576,
        "f1-score": 0.9447005968662403,
        "support": 1426.0
    }
}