{
    "0": {
        "precision": 0.9285714285714286,
        "recall": 0.6610169491525424,
        "f1-score": 0.7722772277227723,
        "support": 177.0
    },
    "1": {
        "precision": 0.9538461538461539,
        "recall": 0.9927942353883107,
        "f1-score": 0.9729305610043154,
        "support": 1249.0
    },
    "accuracy": 0.9516129032258065,
    "macro avg": {
        "precision": 0.9412087912087912,
        "recall": 0.8269055922704265,
        "f1-score": 0.8726038943635439,
        "support": 1426.0
    },
    "weighted avg": {
        "precision": 0.950708968450904,
        "recall": 0.9516129032258065,
        "f1-score": 0.9480247826096218,
        "support": 1426.0
    }
}