{
    "0": {
        "precision": 0.9858156028368794,
        "recall": 0.7897727272727273,
        "f1-score": 0.8769716088328076,
        "support": 176.0
    },
    "1": {
        "precision": 0.9717125382262997,
        "recall": 0.9984289080911233,
        "f1-score": 0.9848895776830686,
        "support": 1273.0
    },
    "accuracy": 0.9730848861283644,
    "macro avg": {
        "precision": 0.9787640705315895,
        "recall": 0.8941008176819253,
        "f1-score": 0.9309305932579381,
        "support": 1449.0
    },
    "weighted avg": {
        "precision": 0.9734255398629195,
        "recall": 0.9730848861283644,
        "f1-score": 0.9717815290166463,
        "support": 1449.0
    }
}