{
    "0": {
        "precision": 0.9116022099447514,
        "recall": 0.9375,
        "f1-score": 0.9243697478991597,
        "support": 176.0
    },
    "1": {
        "precision": 0.9913589945011784,
        "recall": 0.9874804381846636,
        "f1-score": 0.9894159153273226,
        "support": 1278.0
    },
    "accuracy": 0.9814305364511692,
    "macro avg": {
        "precision": 0.9514806022229649,
        "recall": 0.9624902190923318,
        "f1-score": 0.9568928316132412,
        "support": 1454.0
    },
    "weighted avg": {
        "precision": 0.9817048032481309,
        "recall": 0.9814305364511692,
        "f1-score": 0.9815423764914514,
        "support": 1454.0
    }
}