{
    "0": {
        "precision": 0.7065868263473054,
        "recall": 0.6666666666666666,
        "f1-score": 0.686046511627907,
        "support": 177.0
    },
    "1": {
        "precision": 0.9531374106433678,
        "recall": 0.9607686148919136,
        "f1-score": 0.9569377990430622,
        "support": 1249.0
    },
    "accuracy": 0.9242636746143057,
    "macro avg": {
        "precision": 0.8298621184953365,
        "recall": 0.8137176407792901,
        "f1-score": 0.8214921553354846,
        "support": 1426.0
    },
    "weighted avg": {
        "precision": 0.9225347083850205,
        "recall": 0.9242636746143057,
        "f1-score": 0.9233138454157954,
        "support": 1426.0
    }
}