{
    "0": {
        "precision": 0.9238095238095239,
        "recall": 0.5511363636363636,
        "f1-score": 0.6903914590747331,
        "support": 176.0
    },
    "1": {
        "precision": 0.9414381022979985,
        "recall": 0.9937402190923318,
        "f1-score": 0.9668823753330795,
        "support": 1278.0
    },
    "accuracy": 0.9401650618982118,
    "macro avg": {
        "precision": 0.9326238130537612,
        "recall": 0.7724382913643477,
        "f1-score": 0.8286369172039063,
        "support": 1454.0
    },
    "weighted avg": {
        "precision": 0.9393042441040703,
        "recall": 0.9401650618982118,
        "f1-score": 0.9334144239840637,
        "support": 1454.0
    }
}