{
    "0": {
        "precision": 0.8888888888888888,
        "recall": 0.9090909090909091,
        "f1-score": 0.898876404494382,
        "support": 176.0
    },
    "1": {
        "precision": 0.987391646966115,
        "recall": 0.9842890809112333,
        "f1-score": 0.985837922895358,
        "support": 1273.0
    },
    "accuracy": 0.9751552795031055,
    "macro avg": {
        "precision": 0.9381402679275019,
        "recall": 0.9466899950010712,
        "f1-score": 0.94235716369487,
        "support": 1449.0
    },
    "weighted avg": {
        "precision": 0.9754271987800612,
        "recall": 0.9751552795031055,
        "f1-score": 0.9752753092041422,
        "support": 1449.0
    }
}