{
    "0": {
        "precision": 0.8888888888888888,
        "recall": 0.7727272727272727,
        "f1-score": 0.8267477203647416,
        "support": 176.0
    },
    "1": {
        "precision": 0.9692544196771714,
        "recall": 0.986697965571205,
        "f1-score": 0.9778984102365258,
        "support": 1278.0
    },
    "accuracy": 0.9607977991746905,
    "macro avg": {
        "precision": 0.9290716542830302,
        "recall": 0.8797126191492388,
        "f1-score": 0.9023230653006338,
        "support": 1454.0
    },
    "weighted avg": {
        "precision": 0.959526542497847,
        "recall": 0.9607977991746905,
        "f1-score": 0.9596023157265987,
        "support": 1454.0
    }
}