{
    "0": {
        "precision": 0.9594594594594594,
        "recall": 0.8022598870056498,
        "f1-score": 0.8738461538461538,
        "support": 177.0
    },
    "1": {
        "precision": 0.9726134585289515,
        "recall": 0.9951961569255404,
        "f1-score": 0.9837752275425405,
        "support": 1249.0
    },
    "accuracy": 0.9712482468443198,
    "macro avg": {
        "precision": 0.9660364589942054,
        "recall": 0.8987280219655951,
        "f1-score": 0.9288106906943472,
        "support": 1426.0
    },
    "weighted avg": {
        "precision": 0.9709807391493582,
        "recall": 0.9712482468443198,
        "f1-score": 0.9701304547204784,
        "support": 1426.0
    }
}