{
    "0": {
        "precision": 1.0,
        "recall": 0.23295454545454544,
        "f1-score": 0.3778801843317972,
        "support": 176.0
    },
    "1": {
        "precision": 0.9044585987261147,
        "recall": 1.0,
        "f1-score": 0.9498327759197325,
        "support": 1278.0
    },
    "accuracy": 0.9071526822558459,
    "macro avg": {
        "precision": 0.9522292993630573,
        "recall": 0.6164772727272727,
        "f1-score": 0.6638564801257648,
        "support": 1454.0
    },
    "weighted avg": {
        "precision": 0.9160234450976441,
        "recall": 0.9071526822558459,
        "f1-score": 0.8806005502529672,
        "support": 1454.0
    }
}