{
    "0": {
        "precision": 0.8382352941176471,
        "recall": 0.6477272727272727,
        "f1-score": 0.7307692307692307,
        "support": 176.0
    },
    "1": {
        "precision": 0.952959028831563,
        "recall": 0.9827856025039123,
        "f1-score": 0.9676425269645609,
        "support": 1278.0
    },
    "accuracy": 0.9422283356258597,
    "macro avg": {
        "precision": 0.895597161474605,
        "recall": 0.8152564376155925,
        "f1-score": 0.8492058788668958,
        "support": 1454.0
    },
    "weighted avg": {
        "precision": 0.9390722493888882,
        "recall": 0.9422283356258597,
        "f1-score": 0.9389701059670518,
        "support": 1454.0
    }
}