{
    "0": {
        "precision": 0.770949720670391,
        "recall": 0.7840909090909091,
        "f1-score": 0.7774647887323943,
        "support": 176.0
    },
    "1": {
        "precision": 0.9700787401574803,
        "recall": 0.9677926158680282,
        "f1-score": 0.9689343295320487,
        "support": 1273.0
    },
    "accuracy": 0.945479641131815,
    "macro avg": {
        "precision": 0.8705142304139357,
        "recall": 0.8759417624794686,
        "f1-score": 0.8731995591322215,
        "support": 1449.0
    },
    "weighted avg": {
        "precision": 0.9458919165344798,
        "recall": 0.945479641131815,
        "f1-score": 0.9456778497661832,
        "support": 1449.0
    }
}