{
    "0": {
        "precision": 0.9482758620689655,
        "recall": 0.9375,
        "f1-score": 0.9428571428571428,
        "support": 176.0
    },
    "1": {
        "precision": 0.9913725490196078,
        "recall": 0.992930086410055,
        "f1-score": 0.9921507064364207,
        "support": 1273.0
    },
    "accuracy": 0.9861973775017253,
    "macro avg": {
        "precision": 0.9698242055442867,
        "recall": 0.9652150432050275,
        "f1-score": 0.9675039246467818,
        "support": 1449.0
    },
    "weighted avg": {
        "precision": 0.9861378927716347,
        "recall": 0.9861973775017253,
        "f1-score": 0.9861633584792413,
        "support": 1449.0
    }
}