{
    "0": {
        "precision": 0.8195121951219512,
        "recall": 0.9491525423728814,
        "f1-score": 0.8795811518324608,
        "support": 177.0
    },
    "1": {
        "precision": 0.9926289926289926,
        "recall": 0.9703763010408326,
        "f1-score": 0.9813765182186235,
        "support": 1249.0
    },
    "accuracy": 0.967741935483871,
    "macro avg": {
        "precision": 0.9060705938754718,
        "recall": 0.959764421706857,
        "f1-score": 0.9304788350255422,
        "support": 1426.0
    },
    "weighted avg": {
        "precision": 0.9711411432890582,
        "recall": 0.967741935483871,
        "f1-score": 0.9687413289827533,
        "support": 1426.0
    }
}