{
    "0": {
        "precision": 0.9620253164556962,
        "recall": 0.8636363636363636,
        "f1-score": 0.9101796407185628,
        "support": 176.0
    },
    "1": {
        "precision": 0.9814814814814815,
        "recall": 0.9953051643192489,
        "f1-score": 0.9883449883449883,
        "support": 1278.0
    },
    "accuracy": 0.9793672627235214,
    "macro avg": {
        "precision": 0.9717533989685889,
        "recall": 0.9294707639778063,
        "f1-score": 0.9492623145317756,
        "support": 1454.0
    },
    "weighted avg": {
        "precision": 0.9791264023586904,
        "recall": 0.9793672627235214,
        "f1-score": 0.9788834331990113,
        "support": 1454.0
    }
}