{
    "0": {
        "precision": 0.7425742574257426,
        "recall": 0.8522727272727273,
        "f1-score": 0.7936507936507936,
        "support": 176.0
    },
    "1": {
        "precision": 0.9791499599037691,
        "recall": 0.9591516103692066,
        "f1-score": 0.969047619047619,
        "support": 1273.0
    },
    "accuracy": 0.9461697722567288,
    "macro avg": {
        "precision": 0.8608621086647559,
        "recall": 0.905712168820967,
        "f1-score": 0.8813492063492063,
        "support": 1449.0
    },
    "weighted avg": {
        "precision": 0.9504147469043677,
        "recall": 0.9461697722567288,
        "f1-score": 0.947743380766155,
        "support": 1449.0
    }
}