{
    "0": {
        "precision": 0.925,
        "recall": 0.8361581920903954,
        "f1-score": 0.8783382789317508,
        "support": 177.0
    },
    "1": {
        "precision": 0.9770932069510269,
        "recall": 0.9903923138510808,
        "f1-score": 0.9836978131212724,
        "support": 1249.0
    },
    "accuracy": 0.9712482468443198,
    "macro avg": {
        "precision": 0.9510466034755134,
        "recall": 0.9132752529707382,
        "f1-score": 0.9310180460265116,
        "support": 1426.0
    },
    "weighted avg": {
        "precision": 0.9706272198329822,
        "recall": 0.9712482468443198,
        "f1-score": 0.9706202271804971,
        "support": 1426.0
    }
}