{
    "0": {
        "precision": 0.98125,
        "recall": 0.8920454545454546,
        "f1-score": 0.9345238095238095,
        "support": 176.0
    },
    "1": {
        "precision": 0.9852598913886734,
        "recall": 0.997643362136685,
        "f1-score": 0.9914129586260734,
        "support": 1273.0
    },
    "accuracy": 0.9848171152518979,
    "macro avg": {
        "precision": 0.9832549456943367,
        "recall": 0.9448444083410699,
        "f1-score": 0.9629683840749415,
        "support": 1449.0
    },
    "weighted avg": {
        "precision": 0.9847728376382204,
        "recall": 0.9848171152518979,
        "f1-score": 0.9845030274721751,
        "support": 1449.0
    }
}