{
    "0": {
        "precision": 0.9710144927536232,
        "recall": 0.7570621468926554,
        "f1-score": 0.8507936507936508,
        "support": 177.0
    },
    "1": {
        "precision": 0.9666149068322981,
        "recall": 0.9967974379503602,
        "f1-score": 0.9814741821048483,
        "support": 1249.0
    },
    "accuracy": 0.9670406732117812,
    "macro avg": {
        "precision": 0.9688146997929606,
        "recall": 0.8769297924215078,
        "f1-score": 0.9161339164492495,
        "support": 1426.0
    },
    "weighted avg": {
        "precision": 0.9671609984929395,
        "recall": 0.9670406732117812,
        "f1-score": 0.9652536673488301,
        "support": 1426.0
    }
}