{
    "0": {
        "precision": 0.9698795180722891,
        "recall": 0.9147727272727273,
        "f1-score": 0.9415204678362573,
        "support": 176.0
    },
    "1": {
        "precision": 0.9883086515978177,
        "recall": 0.9960722702278083,
        "f1-score": 0.9921752738654147,
        "support": 1273.0
    },
    "accuracy": 0.9861973775017253,
    "macro avg": {
        "precision": 0.9790940848350533,
        "recall": 0.9554224987502677,
        "f1-score": 0.966847870850836,
        "support": 1449.0
    },
    "weighted avg": {
        "precision": 0.9860701923152138,
        "recall": 0.9861973775017253,
        "f1-score": 0.9860225852103893,
        "support": 1449.0
    }
}