{
    "0": {
        "precision": 0.9300699300699301,
        "recall": 0.7556818181818182,
        "f1-score": 0.8338557993730408,
        "support": 176.0
    },
    "1": {
        "precision": 0.9672006102212052,
        "recall": 0.9921752738654147,
        "f1-score": 0.9795287755890305,
        "support": 1278.0
    },
    "accuracy": 0.9635488308115543,
    "macro avg": {
        "precision": 0.9486352701455676,
        "recall": 0.8739285460236165,
        "f1-score": 0.9066922874810357,
        "support": 1454.0
    },
    "weighted avg": {
        "precision": 0.9627061124862503,
        "recall": 0.9635488308115543,
        "f1-score": 0.9618957330759532,
        "support": 1454.0
    }
}