{
    "0": {
        "precision": 0.9120879120879121,
        "recall": 0.9378531073446328,
        "f1-score": 0.924791086350975,
        "support": 177.0
    },
    "1": {
        "precision": 0.9911575562700965,
        "recall": 0.9871897518014412,
        "f1-score": 0.9891696750902527,
        "support": 1249.0
    },
    "accuracy": 0.9810659186535764,
    "macro avg": {
        "precision": 0.9516227341790042,
        "recall": 0.962521429573037,
        "f1-score": 0.9569803807206139,
        "support": 1426.0
    },
    "weighted avg": {
        "precision": 0.9813431614452391,
        "recall": 0.9810659186535764,
        "f1-score": 0.9811787843421095,
        "support": 1426.0
    }
}