{
    "0": {
        "precision": 0.8947368421052632,
        "recall": 0.8693181818181818,
        "f1-score": 0.8818443804034583,
        "support": 176.0
    },
    "1": {
        "precision": 0.9820031298904538,
        "recall": 0.98586017282011,
        "f1-score": 0.9839278714229713,
        "support": 1273.0
    },
    "accuracy": 0.971704623878537,
    "macro avg": {
        "precision": 0.9383699859978585,
        "recall": 0.9275891773191458,
        "f1-score": 0.9328861259132148,
        "support": 1449.0
    },
    "weighted avg": {
        "precision": 0.9714034979717556,
        "recall": 0.971704623878537,
        "f1-score": 0.9715284963923058,
        "support": 1449.0
    }
}