{
    "0": {
        "precision": 0.9642857142857143,
        "recall": 0.7627118644067796,
        "f1-score": 0.8517350157728707,
        "support": 177.0
    },
    "1": {
        "precision": 0.9673405909797823,
        "recall": 0.9959967974379503,
        "f1-score": 0.9814595660749507,
        "support": 1249.0
    },
    "accuracy": 0.9670406732117812,
    "macro avg": {
        "precision": 0.9658131526327483,
        "recall": 0.879354330922365,
        "f1-score": 0.9165972909239106,
        "support": 1426.0
    },
    "weighted avg": {
        "precision": 0.966961409230238,
        "recall": 0.9670406732117812,
        "f1-score": 0.965357710953304,
        "support": 1426.0
    }
}