{
    "0": {
        "precision": 0.9190751445086706,
        "recall": 0.9034090909090909,
        "f1-score": 0.9111747851002865,
        "support": 176.0
    },
    "1": {
        "precision": 0.9867291178766588,
        "recall": 0.9890453834115805,
        "f1-score": 0.9878858929269245,
        "support": 1278.0
    },
    "accuracy": 0.9786795048143053,
    "macro avg": {
        "precision": 0.9529021311926646,
        "recall": 0.9462272371603357,
        "f1-score": 0.9495303390136055,
        "support": 1454.0
    },
    "weighted avg": {
        "precision": 0.9785399161484841,
        "recall": 0.9786795048143053,
        "f1-score": 0.9786003668076066,
        "support": 1454.0
    }
}