{
    "0": {
        "precision": 0.8645833333333334,
        "recall": 0.9378531073446328,
        "f1-score": 0.8997289972899729,
        "support": 177.0
    },
    "1": {
        "precision": 0.9910858995137763,
        "recall": 0.9791833466773419,
        "f1-score": 0.9850986709625453,
        "support": 1249.0
    },
    "accuracy": 0.9740532959326789,
    "macro avg": {
        "precision": 0.9278346164235549,
        "recall": 0.9585182270109873,
        "f1-score": 0.9424138341262591,
        "support": 1426.0
    },
    "weighted avg": {
        "precision": 0.9753839680874521,
        "recall": 0.9740532959326789,
        "f1-score": 0.9745022949176327,
        "support": 1426.0
    }
}