{
    "0": {
        "precision": 0.9175824175824175,
        "recall": 0.9488636363636364,
        "f1-score": 0.9329608938547486,
        "support": 176.0
    },
    "1": {
        "precision": 0.9929245283018868,
        "recall": 0.9882629107981221,
        "f1-score": 0.9905882352941177,
        "support": 1278.0
    },
    "accuracy": 0.9834938101788171,
    "macro avg": {
        "precision": 0.9552534729421522,
        "recall": 0.9685632735808792,
        "f1-score": 0.9617745645744331,
        "support": 1454.0
    },
    "weighted avg": {
        "precision": 0.9838047129740831,
        "recall": 0.9834938101788171,
        "f1-score": 0.9836127111584031,
        "support": 1454.0
    }
}