{
    "0": {
        "precision": 0.961038961038961,
        "recall": 0.8409090909090909,
        "f1-score": 0.896969696969697,
        "support": 176.0
    },
    "1": {
        "precision": 0.9783783783783784,
        "recall": 0.99528672427337,
        "f1-score": 0.9867601246105919,
        "support": 1273.0
    },
    "accuracy": 0.9765355417529331,
    "macro avg": {
        "precision": 0.9697086697086696,
        "recall": 0.9180979075912304,
        "f1-score": 0.9418649107901444,
        "support": 1449.0
    },
    "weighted avg": {
        "precision": 0.9762722793778693,
        "recall": 0.9765355417529331,
        "f1-score": 0.9758539028957558,
        "support": 1449.0
    }
}