{
    "0": {
        "precision": 1.0,
        "recall": 0.011363636363636364,
        "f1-score": 0.02247191011235955,
        "support": 176.0
    },
    "1": {
        "precision": 0.8797512093987561,
        "recall": 1.0,
        "f1-score": 0.9360294117647059,
        "support": 1273.0
    },
    "accuracy": 0.8799171842650103,
    "macro avg": {
        "precision": 0.939875604699378,
        "recall": 0.5056818181818182,
        "f1-score": 0.47925066093853275,
        "support": 1449.0
    },
    "weighted avg": {
        "precision": 0.8943569976291349,
        "recall": 0.8799171842650103,
        "f1-score": 0.8250659056978923,
        "support": 1449.0
    }
}