{
    "0": {
        "precision": 0.958904109589041,
        "recall": 0.7909604519774012,
        "f1-score": 0.8668730650154799,
        "support": 177.0
    },
    "1": {
        "precision": 0.97109375,
        "recall": 0.9951961569255404,
        "f1-score": 0.9829972321075524,
        "support": 1249.0
    },
    "accuracy": 0.9698457223001402,
    "macro avg": {
        "precision": 0.9649989297945205,
        "recall": 0.8930783044514707,
        "f1-score": 0.9249351485615162,
        "support": 1426.0
    },
    "weighted avg": {
        "precision": 0.9695807301172932,
        "recall": 0.9698457223001402,
        "f1-score": 0.9685835030926178,
        "support": 1426.0
    }
}