{
    "0": {
        "precision": 0.9316770186335404,
        "recall": 0.8522727272727273,
        "f1-score": 0.8902077151335311,
        "support": 176.0
    },
    "1": {
        "precision": 0.979891724671307,
        "recall": 0.9913928012519562,
        "f1-score": 0.9856087125632049,
        "support": 1278.0
    },
    "accuracy": 0.9745529573590096,
    "macro avg": {
        "precision": 0.9557843716524237,
        "recall": 0.9218327642623417,
        "f1-score": 0.9379082138483681,
        "support": 1454.0
    },
    "weighted avg": {
        "precision": 0.9740555566777396,
        "recall": 0.9745529573590096,
        "f1-score": 0.9740608614300394,
        "support": 1454.0
    }
}