{
    "0": {
        "precision": 0.7559808612440191,
        "recall": 0.8977272727272727,
        "f1-score": 0.8207792207792208,
        "support": 176.0
    },
    "1": {
        "precision": 0.9854838709677419,
        "recall": 0.959937156323645,
        "f1-score": 0.9725427775567052,
        "support": 1273.0
    },
    "accuracy": 0.9523809523809523,
    "macro avg": {
        "precision": 0.8707323661058806,
        "recall": 0.9288322145254588,
        "f1-score": 0.896660999167963,
        "support": 1449.0
    },
    "weighted avg": {
        "precision": 0.9576077289999191,
        "recall": 0.9523809523809523,
        "f1-score": 0.9541091088245883,
        "support": 1449.0
    }
}