{
    "0": {
        "precision": 0.6947791164658634,
        "recall": 0.9829545454545454,
        "f1-score": 0.8141176470588235,
        "support": 176.0
    },
    "1": {
        "precision": 0.9975103734439834,
        "recall": 0.9405320813771518,
        "f1-score": 0.9681836488119211,
        "support": 1278.0
    },
    "accuracy": 0.9456671251719395,
    "macro avg": {
        "precision": 0.8461447449549234,
        "recall": 0.9617433134158486,
        "f1-score": 0.8911506479353724,
        "support": 1454.0
    },
    "weighted avg": {
        "precision": 0.9608661497657515,
        "recall": 0.9456671251719395,
        "f1-score": 0.9495346692324539,
        "support": 1454.0
    }
}