{
    "0": {
        "precision": 0.8854961832061069,
        "recall": 0.655367231638418,
        "f1-score": 0.7532467532467533,
        "support": 177.0
    },
    "1": {
        "precision": 0.9528957528957529,
        "recall": 0.9879903923138511,
        "f1-score": 0.970125786163522,
        "support": 1249.0
    },
    "accuracy": 0.9467040673211781,
    "macro avg": {
        "precision": 0.9191959680509298,
        "recall": 0.8216788119761346,
        "f1-score": 0.8616862697051376,
        "support": 1426.0
    },
    "weighted avg": {
        "precision": 0.9445298876537702,
        "recall": 0.9467040673211781,
        "f1-score": 0.9432060184031656,
        "support": 1426.0
    }
}