{
    "0": {
        "precision": 0.9444444444444444,
        "recall": 0.8693181818181818,
        "f1-score": 0.9053254437869822,
        "support": 176.0
    },
    "1": {
        "precision": 0.9821981424148607,
        "recall": 0.9929577464788732,
        "f1-score": 0.9875486381322958,
        "support": 1278.0
    },
    "accuracy": 0.9779917469050894,
    "macro avg": {
        "precision": 0.9633212934296526,
        "recall": 0.9311379641485276,
        "f1-score": 0.946437040959639,
        "support": 1454.0
    },
    "weighted avg": {
        "precision": 0.9776282312437511,
        "recall": 0.9779917469050894,
        "f1-score": 0.9775958993394656,
        "support": 1454.0
    }
}