{
    "0": {
        "precision": 0.9862068965517241,
        "recall": 0.8125,
        "f1-score": 0.8909657320872274,
        "support": 176.0
    },
    "1": {
        "precision": 0.9746932515337423,
        "recall": 0.9984289080911233,
        "f1-score": 0.986418315871168,
        "support": 1273.0
    },
    "accuracy": 0.9758454106280193,
    "macro avg": {
        "precision": 0.9804500740427332,
        "recall": 0.9054644540455616,
        "f1-score": 0.9386920239791977,
        "support": 1449.0
    },
    "weighted avg": {
        "precision": 0.9760917342964509,
        "recall": 0.9758454106280193,
        "f1-score": 0.9748243512431669,
        "support": 1449.0
    }
}