{
    "0": {
        "precision": 0.9379310344827586,
        "recall": 0.7727272727272727,
        "f1-score": 0.8473520249221184,
        "support": 176.0
    },
    "1": {
        "precision": 0.9694423223834988,
        "recall": 0.9929577464788732,
        "f1-score": 0.981059141863162,
        "support": 1278.0
    },
    "accuracy": 0.9662998624484181,
    "macro avg": {
        "precision": 0.9536866784331287,
        "recall": 0.882842509603073,
        "f1-score": 0.9142055833926401,
        "support": 1454.0
    },
    "weighted avg": {
        "precision": 0.9656280261864353,
        "recall": 0.9662998624484181,
        "f1-score": 0.9648745114769008,
        "support": 1454.0
    }
}