{
    "0": {
        "precision": 0.9106145251396648,
        "recall": 0.9261363636363636,
        "f1-score": 0.9183098591549296,
        "support": 176.0
    },
    "1": {
        "precision": 0.989763779527559,
        "recall": 0.9874312647289867,
        "f1-score": 0.9885961462839167,
        "support": 1273.0
    },
    "accuracy": 0.9799861973775017,
    "macro avg": {
        "precision": 0.9501891523336119,
        "recall": 0.9567838141826752,
        "f1-score": 0.9534530027194231,
        "support": 1449.0
    },
    "weighted avg": {
        "precision": 0.9801500674694023,
        "recall": 0.9799861973775017,
        "f1-score": 0.9800589575091052,
        "support": 1449.0
    }
}