{
    "0": {
        "precision": 0.953757225433526,
        "recall": 0.9375,
        "f1-score": 0.9455587392550143,
        "support": 176.0
    },
    "1": {
        "precision": 0.9913793103448276,
        "recall": 0.9937156323644933,
        "f1-score": 0.9925460965084347,
        "support": 1273.0
    },
    "accuracy": 0.9868875086266391,
    "macro avg": {
        "precision": 0.9725682678891768,
        "recall": 0.9656078161822467,
        "f1-score": 0.9690524178817246,
        "support": 1449.0
    },
    "weighted avg": {
        "precision": 0.9868096161112947,
        "recall": 0.9868875086266391,
        "f1-score": 0.9868388674700621,
        "support": 1449.0
    }
}