{
    "0": {
        "precision": 0.8795180722891566,
        "recall": 0.8248587570621468,
        "f1-score": 0.8513119533527697,
        "support": 177.0
    },
    "1": {
        "precision": 0.9753968253968254,
        "recall": 0.9839871897518014,
        "f1-score": 0.9796731765643683,
        "support": 1249.0
    },
    "accuracy": 0.9642356241234221,
    "macro avg": {
        "precision": 0.927457448842991,
        "recall": 0.9044229734069742,
        "f1-score": 0.915492564958569,
        "support": 1426.0
    },
    "weighted avg": {
        "precision": 0.9634960264486786,
        "recall": 0.9642356241234221,
        "f1-score": 0.9637405422667153,
        "support": 1426.0
    }
}