{
    "0": {
        "precision": 0.9929577464788732,
        "recall": 0.7966101694915254,
        "f1-score": 0.8840125391849529,
        "support": 177.0
    },
    "1": {
        "precision": 0.9719626168224299,
        "recall": 0.9991993594875901,
        "f1-score": 0.9853928148440584,
        "support": 1249.0
    },
    "accuracy": 0.9740532959326789,
    "macro avg": {
        "precision": 0.9824601816506515,
        "recall": 0.8979047644895577,
        "f1-score": 0.9347026770145057,
        "support": 1426.0
    },
    "weighted avg": {
        "precision": 0.9745686041640783,
        "recall": 0.9740532959326789,
        "f1-score": 0.9728091480897374,
        "support": 1426.0
    }
}