{
    "0": {
        "precision": 0.8770053475935828,
        "recall": 0.9265536723163842,
        "f1-score": 0.9010989010989011,
        "support": 177.0
    },
    "1": {
        "precision": 0.9895076674737692,
        "recall": 0.9815852682145717,
        "f1-score": 0.9855305466237942,
        "support": 1249.0
    },
    "accuracy": 0.9747545582047685,
    "macro avg": {
        "precision": 0.9332565075336761,
        "recall": 0.954069470265478,
        "f1-score": 0.9433147238613477,
        "support": 1426.0
    },
    "weighted avg": {
        "precision": 0.9755434945293141,
        "recall": 0.9747545582047685,
        "f1-score": 0.9750506018426539,
        "support": 1426.0
    }
}