{
    "0": {
        "precision": 0.9171597633136095,
        "recall": 0.8806818181818182,
        "f1-score": 0.8985507246376812,
        "support": 176.0
    },
    "1": {
        "precision": 0.98359375,
        "recall": 0.9890023566378633,
        "f1-score": 0.9862906384645516,
        "support": 1273.0
    },
    "accuracy": 0.9758454106280193,
    "macro avg": {
        "precision": 0.9503767566568048,
        "recall": 0.9348420874098408,
        "f1-score": 0.9424206815511164,
        "support": 1449.0
    },
    "weighted avg": {
        "precision": 0.9755244734942687,
        "recall": 0.9758454106280193,
        "f1-score": 0.9756334784690172,
        "support": 1449.0
    }
}