{
    "0": {
        "precision": 0.9545454545454546,
        "recall": 0.9545454545454546,
        "f1-score": 0.9545454545454546,
        "support": 176.0
    },
    "1": {
        "precision": 0.9937402190923318,
        "recall": 0.9937402190923318,
        "f1-score": 0.9937402190923318,
        "support": 1278.0
    },
    "accuracy": 0.9889958734525447,
    "macro avg": {
        "precision": 0.9741428368188931,
        "recall": 0.9741428368188931,
        "f1-score": 0.9741428368188931,
        "support": 1454.0
    },
    "weighted avg": {
        "precision": 0.9889958734525447,
        "recall": 0.9889958734525447,
        "f1-score": 0.9889958734525447,
        "support": 1454.0
    }
}