{
    "0": {
        "precision": 0.9032258064516129,
        "recall": 0.9545454545454546,
        "f1-score": 0.9281767955801105,
        "support": 176.0
    },
    "1": {
        "precision": 0.9936908517350158,
        "recall": 0.9859154929577465,
        "f1-score": 0.9897879025923016,
        "support": 1278.0
    },
    "accuracy": 0.9821182943603851,
    "macro avg": {
        "precision": 0.9484583290933144,
        "recall": 0.9702304737516005,
        "f1-score": 0.958982349086206,
        "support": 1454.0
    },
    "weighted avg": {
        "precision": 0.9827404748643976,
        "recall": 0.9821182943603851,
        "f1-score": 0.982330161991101,
        "support": 1454.0
    }
}