Model,MCC,Sensitivity,Specificity,Precision,Accuracy,tp,tn,fp,fn
17fold5,0.9234419813059164,0.9954022988504603,0.906249999999056,0.9897142857141725,0.98654244306408,866,87,9,4
