Model,MCC,Sensitivity,Specificity,Precision,Accuracy,tp,tn,fp,fn
17fold3,0.9706931387908492,0.9977037887484502,0.9684210526305596,0.9965596330274086,0.994824016563044,869,92,3,2
