Model,MCC,Sensitivity,Specificity,Precision,Accuracy,tp,tn,fp,fn
17fold2,0.9647121650298529,0.9977037887484502,0.9578947368410969,0.9954180985107679,0.9937888198756735,869,91,4,2
