{
    "trial_number": 17,
    "model_type": "MLP",
    "params": {
        "dropout": 0.2,
        "learning_rate": 0.001717878147056715,
        "decision_threshold": 0.7,
        "num_layers": 2,
        "dense_neurons": 557
    },
    "mean_mcc": 0.9532004150572705,
    "mcc_scores": [
        0.9589635151628193,
        0.9647121650298529,
        0.9766511571696175,
        0.9422332566181468,
        0.9234419813059164
    ]
}