{
    "trial_number": 17,
    "model_type": "MLP",
    "params": {
        "dropout": 0.30000000000000004,
        "learning_rate": 0.001275752364066688,
        "decision_threshold": 0.6,
        "num_layers": 2,
        "dense_neurons": 643
    },
    "mean_mcc": 0.9566167759296065,
    "mcc_scores": [
        0.9589635151628193,
        0.953302314339235,
        0.9706931387908492,
        0.9407784896320361,
        0.9593464217230926
    ]
}