Model,MCC,Sensitivity,Specificity,Precision,Accuracy,tp,tn,fp,fn
15fold4,0.9587077605677281,0.9977037887484502,0.9473684210516343,0.9942791762012592,0.992753623188303,869,90,5,2
