Model,MCC,Sensitivity,Specificity,Precision,Accuracy,tp,tn,fp,fn
15fold5,0.930603448275862,0.9931034482757478,0.9374999999990234,0.9931034482757478,0.9875776397514505,864,90,6,6
