Model,MCC,Sensitivity,Specificity,Precision,Accuracy,tp,tn,fp,fn
15fold1,0.8705136788071868,0.9712973593569493,0.9894736842094848,0.9988193624556081,0.9730848861282636,846,94,1,25
