Model,MCC,Sensitivity,Specificity,Precision,Accuracy,tp,tn,fp,fn
15fold5,0.9533678475927547,0.9965517241378165,0.9479166666656792,0.9942660550457575,0.9917184265009324,867,91,5,3
