Model,MCC,Sensitivity,Specificity,Precision,Accuracy,tp,tn,fp,fn
15fold3,0.9472338915347895,0.9954075774970154,0.9473684210516343,0.9942660550457575,0.990683229813562,867,90,5,4
