{
    "trial_number": 15,
    "model_type": "CNN1D",
    "params": {
        "dropout": 0.2,
        "learning_rate": 0.000378770738303676,
        "decision_threshold": 0.6,
        "filter_size": 16,
        "kernel_size": 3,
        "num_layers": 3,
        "num_dense_layers": 2,
        "dense_neurons": 326
    },
    "mean_mcc": 0.9453628779847343,
    "mcc_scores": [
        0.9490545807177124,
        0.9184503095106857,
        0.9472338915347895,
        0.9587077605677281,
        0.9533678475927547
    ]
}