Model,MCC,Sensitivity,Specificity,Precision,Accuracy,tp,tn,fp,fn
12,0.9473537258577844,0.9962928637626509,0.9379844961233039,0.9926131117265934,0.9900662251654809,1075,121,8,4
