Model,MCC,Sensitivity,Specificity,Precision,Accuracy,tp,tn,fp,fn
15,0.8111483631288302,0.9841565703633751,0.7999999999994075,0.9750692520774723,0.9635761589403176,1056,108,27,17
