Model,MCC,Sensitivity,Specificity,Precision,Accuracy,tp,tn,fp,fn
15,0.9412551700429317,0.9869524697109984,0.9925925925918574,0.9990566037734906,0.9875827814568718,1059,134,1,14
