Model,MCC,Sensitivity,Specificity,Precision,Accuracy,tp,tn,fp,fn
15,0.7446166475201336,0.9601482854494012,0.8372093023249325,0.980132450331033,0.9470198675495904,1036,108,21,43
