Model,MCC,Sensitivity,Specificity,Precision,Accuracy,tp,tn,fp,fn
25fold4,0.7843297737003548,0.9655568312283621,0.8842105263148587,0.9870892018778183,0.9575569358177062,841,84,11,30
