Model,MCC,Sensitivity,Specificity,Precision,Accuracy,tp,tn,fp,fn
25fold5,0.8537979547861821,0.9643678160918431,0.9999999999989583,0.9999999999998808,0.9679089026914112,839,96,0,31
