Model,MCC,Sensitivity,Specificity,Precision,Accuracy,tp,tn,fp,fn
25fold1,0.8320585066169199,0.9781859931112539,0.8842105263148587,0.9872537659326781,0.9689440993787817,852,84,11,19
