Model,MCC,Sensitivity,Specificity,Precision,Accuracy,tp,tn,fp,fn
25fold3,0.8257131519156534,0.9873708381169933,0.8105263157886204,0.9794988610477244,0.9699792960661522,860,77,18,11
