Model,MCC,Sensitivity,Specificity,Precision,Accuracy,tp,tn,fp,fn
6fold4,0.8711023324743868,0.9781859931112539,0.9473684210516343,0.9941656942822643,0.9751552795030046,852,90,5,19
