Model,MCC,Sensitivity,Specificity,Precision,Accuracy,tp,tn,fp,fn
6fold5,0.8285489110201402,0.9586206896550622,0.9895833333323025,0.9988023952094611,0.9616977225671882,834,95,1,36
