Model,MCC,Sensitivity,Specificity,Precision,Accuracy,tp,tn,fp,fn
6fold1,0.767056573944326,0.9563719862226226,0.9052631578937839,0.9893111638953694,0.9513457556934832,833,86,9,38
