Model,MCC,Sensitivity,Specificity,Precision,Accuracy,tp,tn,fp,fn
6fold5,0.9301719469503904,0.9862068965516108,0.9895833333323025,0.9988358556459838,0.98654244306408,858,95,1,12
