Model,MCC,Sensitivity,Specificity,Precision,Accuracy,tp,tn,fp,fn
6fold1,0.7901415882811716,0.9552238805969052,0.9473684210516343,0.9940262843487462,0.9544513457555948,832,90,5,39
