Model,MCC,Sensitivity,Specificity,Precision,Accuracy,tp,tn,fp,fn
6fold3,0.866385378149564,0.9862227324912759,0.8842105263148587,0.9873563218389669,0.9761904761903751,859,84,11,12
