Model,MCC,Sensitivity,Specificity,Precision,Accuracy,tp,tn,fp,fn
6fold4,0.7956555373554448,0.9483352468426006,0.9894736842094848,0.9987908101570738,0.9523809523808537,826,94,1,45
