{
    "trial_number": 6,
    "model_type": "LSTM",
    "params": {
        "dropout": 0.1,
        "learning_rate": 0.0009447954955836869,
        "decision_threshold": 0.5,
        "hidden_dim": 78,
        "num_layers": 2
    },
    "mean_mcc": 0.8468974898207646,
    "mcc_scores": [
        0.767056573944326,
        0.7997712175851559,
        0.866385378149564,
        0.8711023324743868,
        0.9301719469503904
    ]
}