Model,MCC,Sensitivity,Specificity,Precision,Accuracy,tp,tn,fp,fn
13fold2,0.8124527946753184,0.9621125143512098,0.9473684210516343,0.9940688018978654,0.9606625258798177,838,90,5,33
