Model,MCC,Sensitivity,Specificity,Precision,Accuracy,tp,tn,fp,fn
13fold3,0.9022785328122401,0.9885189437427108,0.9263157894727091,0.9919354838708534,0.9824016563145981,861,88,7,10
