Model,MCC,Sensitivity,Specificity,Precision,Accuracy,tp,tn,fp,fn
13fold1,0.8993955945374015,0.9804822043626887,0.9789473684200222,0.9976635514017526,0.9803312629398571,854,93,2,17
