Model,MCC,Sensitivity,Specificity,Precision,Accuracy,tp,tn,fp,fn
13fold5,0.8333179978850238,0.9620689655171307,0.9791666666656467,0.997616209773421,0.9637681159419291,837,94,2,33
