Model,MCC,Sensitivity,Specificity,Precision,Accuracy,tp,tn,fp,fn
13fold5,0.8523683653437208,0.9885057471263231,0.843749999999121,0.9828571428570305,0.9741200828156341,860,81,15,10
