Model,MCC,Sensitivity,Specificity,Precision,Accuracy,tp,tn,fp,fn
13fold4,0.8835054469780408,0.9827784156141236,0.9368421052621717,0.9930394431553372,0.978260869565116,856,89,6,15
