Model,MCC,Sensitivity,Specificity,Precision,Accuracy,tp,tn,fp,fn
13fold2,0.7830281201962083,0.9529276693454704,0.9473684210516343,0.9940119760477851,0.9523809523808537,830,90,5,41
