{
    "trial_number": 13,
    "model_type": "LSTM",
    "params": {
        "dropout": 0.4,
        "learning_rate": 0.009249071748933982,
        "decision_threshold": 0.5,
        "hidden_dim": 71,
        "num_layers": 2
    },
    "mean_mcc": 0.8700001468693443,
    "mcc_scores": [
        0.8993955945374015,
        0.8124527946753184,
        0.9022785328122401,
        0.8835054469780408,
        0.8523683653437208
    ]
}