{
    "trial_number": 13,
    "model_type": "LSTM",
    "params": {
        "dropout": 0.30000000000000004,
        "learning_rate": 0.002218594678845796,
        "decision_threshold": 0.6,
        "hidden_dim": 65,
        "num_layers": 2
    },
    "mean_mcc": 0.8254397980158688,
    "mcc_scores": [
        0.8307377838214888,
        0.7830281201962083,
        0.8182080316264614,
        0.8619070565501613,
        0.8333179978850238
    ]
}