Model,MCC,Sensitivity,Specificity,Precision,Accuracy,tp,tn,fp,fn
10fold2,0.786155549523876,0.9517795637197529,0.9578947368410969,0.9951980792315731,0.9523809523808537,829,91,4,42
