Model,MCC,Sensitivity,Specificity,Precision,Accuracy,tp,tn,fp,fn
10fold2,0.7725667168396805,0.9448909299654483,0.9684210526305596,0.9963680387407994,0.9472049689440013,823,92,3,48
