Model,MCC,Sensitivity,Specificity,Precision,Accuracy,tp,tn,fp,fn
10fold3,0.8333106619175311,0.9644087256026447,0.9684210526305596,0.9964412811386718,0.9648033126292996,840,92,3,31
