Model,MCC,Sensitivity,Specificity,Precision,Accuracy,tp,tn,fp,fn
10fold5,0.9054020827873088,0.9942528735631041,0.8854166666657444,0.9874429223743164,0.9834368530019686,865,85,11,5
