Model,MCC,Sensitivity,Specificity,Precision,Accuracy,tp,tn,fp,fn
10fold1,0.7566519021468913,0.9391504018368612,0.9684210526305596,0.99634591961011,0.9420289855071489,818,92,3,53
