Model,MCC,Sensitivity,Specificity,Precision,Accuracy,tp,tn,fp,fn
10fold4,0.8838856152543529,0.9781859931112539,0.9684210526305596,0.9964912280700589,0.9772256728777455,852,92,3,19
