Model,MCC,Sensitivity,Specificity,Precision,Accuracy,tp,tn,fp,fn
10fold1,0.8339890133325232,0.9701492537312318,0.9368421052621717,0.992949471210224,0.9668737060040407,845,89,6,26
