Model,MCC,Sensitivity,Specificity,Precision,Accuracy,tp,tn,fp,fn
10fold3,0.8216421661679191,0.9667049368540795,0.9368421052621717,0.9929245283017697,0.9637681159419291,842,89,6,29
