Model,MCC,Sensitivity,Specificity,Precision,Accuracy,tp,tn,fp,fn
10fold5,0.8141767354269998,0.9540229885056374,0.9895833333323025,0.9987966305654634,0.9575569358177062,830,95,1,40
