{
    "trial_number": 10,
    "model_type": "LSTM",
    "params": {
        "dropout": 0.30000000000000004,
        "learning_rate": 0.006839311993990881,
        "decision_threshold": 0.8,
        "hidden_dim": 110,
        "num_layers": 1
    },
    "mean_mcc": 0.8121183263170911,
    "mcc_scores": [
        0.7566519021468913,
        0.7725667168396805,
        0.8333106619175311,
        0.8838856152543529,
        0.8141767354269998
    ]
}