{
    "trial_number": 10,
    "model_type": "LSTM",
    "params": {
        "dropout": 0.30000000000000004,
        "learning_rate": 0.002282536666569699,
        "decision_threshold": 0.5,
        "hidden_dim": 64,
        "num_layers": 3
    },
    "mean_mcc": 0.833133825175949,
    "mcc_scores": [
        0.8339890133325232,
        0.786155549523876,
        0.8216421661679191,
        0.8184803140681179,
        0.9054020827873088
    ]
}