Model,MCC,Sensitivity,Specificity,Precision,Accuracy,tp,tn,fp,fn
11,0.9543747154501327,0.9907321594067663,0.9922480620147348,0.9990654205606543,0.9908940397350173,1069,128,1,10
