Model,MCC,Sensitivity,Specificity,Precision,Accuracy,tp,tn,fp,fn
11,0.9560679668200835,0.9906803355078293,0.9925925925918574,0.999060150375846,0.9908940397350173,1063,134,1,10
