Model,MCC,Sensitivity,Specificity,Precision,Accuracy,tp,tn,fp,fn
7,0.9344715198937832,0.98702502316951,0.9844961240302447,0.9981255857543582,0.9867549668873355,1065,127,2,14
