Model,MCC,Sensitivity,Specificity,Precision,Accuracy,tp,tn,fp,fn
9,0.92240105185509,0.9851714550508818,0.9767441860457545,0.9971857410880866,0.9842715231787265,1063,126,3,16
