Model,MCC,Sensitivity,Specificity,Precision,Accuracy,tp,tn,fp,fn
24fold2,0.859906943017705,0.9862227324912759,0.8736842105253961,0.9862227324912759,0.9751552795030046,859,83,12,12
