Model,MCC,Sensitivity,Specificity,Precision,Accuracy,tp,tn,fp,fn
24fold4,0.928877542563632,0.9954075774970154,0.9157894736832465,0.9908571428570295,0.9875776397514505,867,87,8,4
