Model,MCC,Sensitivity,Specificity,Precision,Accuracy,tp,tn,fp,fn
24fold1,0.8931747013584195,0.9919632606198631,0.8842105263148587,0.9874285714284585,0.9813664596272276,864,84,11,7
