Model,MCC,Sensitivity,Specificity,Precision,Accuracy,tp,tn,fp,fn
24fold5,0.9229110064583343,0.9977011494251726,0.8854166666657444,0.9874857792945406,0.98654244306408,868,85,11,2
