{
    "trial_number": 24,
    "model_type": "MLP",
    "params": {
        "dropout": 0.30000000000000004,
        "learning_rate": 0.003100542739230885,
        "decision_threshold": 0.5,
        "num_layers": 2,
        "dense_neurons": 722
    },
    "mean_mcc": 0.9116345015474652,
    "mcc_scores": [
        0.8931747013584195,
        0.859906943017705,
        0.953302314339235,
        0.928877542563632,
        0.9229110064583343
    ]
}