Model,MCC,Sensitivity,Specificity,Precision,Accuracy,tp,tn,fp,fn
20,0.7870683765056063,0.9638554216866576,0.8837209302318731,0.9857819905212335,0.955298013244954,1040,114,15,39
