Model,MCC,Sensitivity,Specificity,Precision,Accuracy,tp,tn,fp,fn
20,0.9361411797811232,0.9878844361602062,0.9777777777770535,0.9971777986828789,0.9867549668873355,1060,132,3,13
