Model,MCC,Sensitivity,Specificity,Precision,Accuracy,tp,tn,fp,fn
20,0.9577976230502456,0.9999999999999067,0.9259259259252401,0.9907663896582649,0.9917218543045536,1073,125,10,0
