Model,MCC,Sensitivity,Specificity,Precision,Accuracy,tp,tn,fp,fn
21fold3,0.8675314052732437,0.9804822043626887,0.9263157894727091,0.9918699186990717,0.9751552795030046,854,88,7,17
