Model,MCC,Sensitivity,Specificity,Precision,Accuracy,tp,tn,fp,fn
21fold2,0.8184803140681179,0.9712973593569493,0.9052631578937839,0.9894736842104105,0.9648033126292996,846,86,9,25
