Model,MCC,Sensitivity,Specificity,Precision,Accuracy,tp,tn,fp,fn
21fold1,0.8452751141970423,0.967853042479797,0.9684210526305596,0.996453900709102,0.9679089026914112,843,92,3,28
