Model,MCC,Sensitivity,Specificity,Precision,Accuracy,tp,tn,fp,fn
21fold5,0.8525968353108436,0.9827586206895421,0.8854166666657444,0.987297921477946,0.9730848861282636,855,85,11,15
