Model,MCC,Sensitivity,Specificity,Precision,Accuracy,tp,tn,fp,fn
21fold4,0.8386416594636092,0.9781859931112539,0.8947368421043214,0.9883990719256394,0.9699792960661522,852,85,10,19
