{
    "trial_number": 21,
    "model_type": "LSTM",
    "params": {
        "dropout": 0.4,
        "learning_rate": 0.0019385471590507187,
        "decision_threshold": 0.6,
        "hidden_dim": 102,
        "num_layers": 1
    },
    "mean_mcc": 0.8445050656625714,
    "mcc_scores": [
        0.8452751141970423,
        0.8184803140681179,
        0.8675314052732437,
        0.8386416594636092,
        0.8525968353108436
    ]
}