Model,MCC,Sensitivity,Specificity,Precision,Accuracy,tp,tn,fp,fn
1,0.9790924115072601,0.9981360671014913,0.9777777777770535,0.9972067039105217,0.9958609271522354,1071,132,3,2
