Model,MCC,Sensitivity,Specificity,Precision,Accuracy,tp,tn,fp,fn
1,0.9375223867856817,0.9888785912881382,0.9767441860457545,0.9971962616821497,0.9875827814568718,1067,126,3,12
