Model,MCC,Sensitivity,Specificity,Precision,Accuracy,tp,tn,fp,fn
36fold1,0.8028131844644486,0.9529276693454704,0.9789473684200222,0.9975961538460338,0.9554865424429653,830,93,2,41
