Model,MCC,Sensitivity,Specificity,Precision,Accuracy,tp,tn,fp,fn
36fold5,0.879931139748494,0.9735632183906926,0.9895833333323025,0.9988207547168633,0.9751552795030046,847,95,1,23
