Model,MCC,Sensitivity,Specificity,Precision,Accuracy,tp,tn,fp,fn
36fold3,0.7618042041293441,0.975889781859819,0.7894736842096953,0.9770114942527612,0.9575569358177062,850,75,20,21
