Model,MCC,Sensitivity,Specificity,Precision,Accuracy,tp,tn,fp,fn
36fold2,0.8316610239470263,0.9712973593569493,0.9263157894727091,0.9917936694019939,0.9668737060040407,846,88,7,25
