{
    "trial_number": 36,
    "model_type": "LSTM",
    "params": {
        "dropout": 0.30000000000000004,
        "learning_rate": 0.0007775863252818595,
        "decision_threshold": 0.6,
        "hidden_dim": 144,
        "num_layers": 1
    },
    "mean_mcc": 0.8320190335087332,
    "mcc_scores": [
        0.8028131844644486,
        0.8316610239470263,
        0.7618042041293441,
        0.8838856152543529,
        0.879931139748494
    ]
}