Model,MCC,Sensitivity,Specificity,Precision,Accuracy,tp,tn,fp,fn
31fold5,0.8587975657200749,0.9712643678159802,0.9687499999989909,0.9964622641508258,0.9710144927535226,845,93,3,25
