Model,MCC,Sensitivity,Specificity,Precision,Accuracy,tp,tn,fp,fn
31fold1,0.7451692917225087,0.9322617680825566,0.9789473684200222,0.9975429975428749,0.9368530020702963,812,93,2,59
