Model,MCC,Sensitivity,Specificity,Precision,Accuracy,tp,tn,fp,fn
31fold3,0.8028189826726548,0.975889781859819,0.8526315789464709,0.9837962962961824,0.9637681159419291,850,81,14,21
