Model,MCC,Sensitivity,Specificity,Precision,Accuracy,tp,tn,fp,fn
31fold2,0.7558425033908781,0.9690011481055144,0.8210526315780831,0.9802555168407688,0.9544513457555948,844,78,17,27
