Model,MCC,Sensitivity,Specificity,Precision,Accuracy,tp,tn,fp,fn
4fold1,0.9544127692243982,0.9931113662455805,0.9789473684200222,0.9976931949249137,0.9917184265009324,865,93,2,6
