{
    "trial_number": 4,
    "model_type": "MLP",
    "params": {
        "dropout": 0.4,
        "learning_rate": 0.0004156126252307835,
        "decision_threshold": 0.7,
        "num_layers": 1,
        "dense_neurons": 473
    },
    "mean_mcc": 0.9538969283999764,
    "mcc_scores": [
        0.9477262912764015,
        0.9537999837647472,
        0.9706931387908492,
        0.9537999837647472,
        0.9434652444031371
    ]
}