{
    "trial_number": 4,
    "model_type": "MLP",
    "params": {
        "dropout": 0.30000000000000004,
        "learning_rate": 0.002437894402331489,
        "decision_threshold": 0.6,
        "num_layers": 1,
        "dense_neurons": 129
    },
    "mean_mcc": 0.9546891663031047,
    "mcc_scores": [
        0.9544127692243982,
        0.9645803837688445,
        0.952926403481133,
        0.9537999837647472,
        0.9477262912764015
    ]
}