Model,MCC,Sensitivity,Specificity,Precision,Accuracy,tp,tn,fp,fn
9fold3,0.9598494767405225,0.9942594718712979,0.9789473684200222,0.9976958525344473,0.992753623188303,866,93,2,5
