Model,MCC,Sensitivity,Specificity,Precision,Accuracy,tp,tn,fp,fn
9fold1,0.9324114251683687,0.9896670493684282,0.9684210526305596,0.9965317919073992,0.9875776397514505,862,92,3,9
