Model,MCC,Sensitivity,Specificity,Precision,Accuracy,tp,tn,fp,fn
9fold1,0.9355042679067597,0.9942594718712979,0.9368421052621717,0.993119266054932,0.988612836438821,866,89,6,5
