{
    "trial_number": 9,
    "model_type": "MLP",
    "params": {
        "dropout": 0.4,
        "learning_rate": 0.0005676716900087969,
        "decision_threshold": 0.9,
        "num_layers": 1,
        "dense_neurons": 90
    },
    "mean_mcc": 0.9514708065977404,
    "mcc_scores": [
        0.9355042679067597,
        0.948335287954866,
        0.9537999837647472,
        0.9544127692243982,
        0.965301724137931
    ]
}