Model,MCC,Sensitivity,Specificity,Precision,Accuracy,tp,tn,fp,fn
45fold4,0.904488426274456,0.9942594718712979,0.8842105263148587,0.9874572405928178,0.9834368530019686,866,84,11,5
