{
    "trial_number": 45,
    "model_type": "MLP",
    "params": {
        "dropout": 0.30000000000000004,
        "learning_rate": 0.0005000885859014497,
        "decision_threshold": 0.5,
        "num_layers": 1,
        "dense_neurons": 234
    },
    "mean_mcc": 0.9529135094604679,
    "mcc_scores": [
        0.9593464217230926,
        0.9706931387908492,
        0.9706931387908492,
        0.904488426274456,
        0.9593464217230926
    ]
}