Model,MCC,Sensitivity,Specificity,Precision,Accuracy,tp,tn,fp,fn
2,0.8910159881890376,0.9757688723205055,0.9777777777770535,0.9971428571427622,0.9759933774833629,1047,132,3,26
