Model,MCC,Sensitivity,Specificity,Precision,Accuracy,tp,tn,fp,fn
2,0.8876951322080139,0.9990680335506991,0.8148148148142114,0.9772105742934387,0.978476821191972,1072,110,25,1
