Model,MCC,Sensitivity,Specificity,Precision,Accuracy,tp,tn,fp,fn
2,0.7455046020574706,0.9620018535680295,0.8294573643404424,0.9792452830187754,0.9478476821191268,1038,107,22,41
