Model,MCC,Sensitivity,Specificity,Precision,Accuracy,tp,tn,fp,fn
23fold3,0.9407784896320361,0.9965556831227328,0.9263157894727091,0.9919999999998865,0.9896480331261915,868,88,7,3
