model_type,position,scenario,label_type,boxplot_path,MCC_mean,MCC_std,Accuracy_mean,Accuracy_std,Precision_mean,Precision_std,Sensitivity_mean,Sensitivity_std,Specificity_mean,Specificity_std,F1_mean,F1_std
CNN1D,chest,Sc_4_T,binary_two,analise_global\boxplots\all\boxplot_CNN1D_chest_Sc_4_T_binary_two.png,0.9935230415475601,0.012037741326388898,0.9987168874171359,0.0023640249485515318,0.9990289605365451,0.002617466667067432,0.9995340167753032,0.0010253860283693118,0.9922222222214876,0.021016682902371252,0.9992793121319492,0.0013245999645471575
LSTM,chest,Sc_4_T,binary_two,analise_global\boxplots\all\boxplot_LSTM_chest_Sc_4_T_binary_two.png,0.8660463550515456,0.06038460781223671,0.9730960264899856,0.011979625312553718,0.9840875264871952,0.010320931070707348,0.9857875116494889,0.011764771158732692,0.8722222222215763,0.08411051927515734,0.984862024229862,0.006750453106060397
MLP,chest,Sc_4_T,binary_two,analise_global\boxplots\all\boxplot_MLP_chest_Sc_4_T_binary_two.png,0.9893163714356706,0.006911885661533096,0.9978476821191228,0.0014058744701806341,0.9995344500050021,0.0007697371018092853,0.9980428704565705,0.0017605093036128137,0.9962962962955586,0.006127186606428886,0.9987869419714028,0.0007931000634601444
