Model,MCC,Sensitivity,Specificity,Precision,Accuracy,tp,tn,fp,fn
17,0.9504831996276641,0.9898053753474523,0.9922480620147348,0.9990645463048644,0.9900662251654809,1068,128,1,11
