Model,MCC,Sensitivity,Specificity,Precision,Accuracy,tp,tn,fp,fn
37fold5,0.9198411702484456,0.9908045977010355,0.9374999999990234,0.9930875576035721,0.9855072463767095,862,90,6,8
