Model,MCC,Sensitivity,Specificity,Precision,Accuracy,tp,tn,fp,fn
22fold5,0.8893786043774772,0.9793103448274736,0.9687499999989909,0.9964912280700589,0.978260869565116,852,93,3,18
