Model,MCC,Sensitivity,Specificity,Precision,Accuracy,tp,tn,fp,fn
22fold4,0.8729847317233137,0.9770378874855364,0.9578947368410969,0.9953216374267841,0.9751552795030046,851,91,4,20
