Model,MCC,Sensitivity,Specificity,Precision,Accuracy,tp,tn,fp,fn
22fold3,0.8397878347981343,0.9816303099884062,0.8736842105253961,0.9861591695500592,0.9710144927535226,855,83,12,16
