Model,MCC,Sensitivity,Specificity,Precision,Accuracy,tp,tn,fp,fn
22fold1,0.844723778444373,0.9712973593569493,0.9473684210516343,0.9941245593418337,0.9689440993787817,846,90,5,25
