Model,MCC,Sensitivity,Specificity,Precision,Accuracy,tp,tn,fp,fn
9fold3,0.9283692344924722,0.9873708381169933,0.9789473684200222,0.9976798143850351,0.98654244306408,860,93,2,11
