Model,MCC,Sensitivity,Specificity,Precision,Accuracy,tp,tn,fp,fn
9fold4,0.9210498772198762,0.9885189437427108,0.9578947368410969,0.9953757225432375,0.9855072463767095,861,91,4,10
