Model,MCC,Sensitivity,Specificity,Precision,Accuracy,tp,tn,fp,fn
9fold5,0.8986267949125297,0.9816091954021859,0.9687499999989909,0.996499416569312,0.9803312629398571,854,93,3,16
