Model,MCC,Sensitivity,Specificity,Precision,Accuracy,tp,tn,fp,fn
9fold1,0.8813085126790914,0.975889781859819,0.9789473684200222,0.9976525821595073,0.9761904761903751,850,93,2,21
