Model,MCC,Sensitivity,Specificity,Precision,Accuracy,tp,tn,fp,fn
9fold2,0.8307377838214888,0.9655568312283621,0.9578947368410969,0.9952662721892312,0.9648033126292996,841,91,4,30
