Model,MCC,Sensitivity,Specificity,Precision,Accuracy,tp,tn,fp,fn
9fold4,0.9010380758379533,0.983926521239841,0.9578947368410969,0.9953542392565626,0.9813664596272276,857,91,4,14
