{
    "trial_number": 9,
    "model_type": "CNN1D",
    "params": {
        "dropout": 0.4,
        "learning_rate": 0.005814092132047912,
        "decision_threshold": 0.7,
        "filter_size": 54,
        "kernel_size": 7,
        "num_layers": 2,
        "num_dense_layers": 2,
        "dense_neurons": 79
    },
    "mean_mcc": 0.7135135487135519,
    "mcc_scores": [
        0.0,
        0.8307377838214888,
        0.9171532876138644,
        0.9210498772198762,
        0.8986267949125297
    ]
}