Model,MCC,Sensitivity,Specificity,Precision,Accuracy,tp,tn,fp,fn
26fold2,0.770737060190893,0.9575200918483401,0.9052631578937839,0.9893238434162527,0.9523809523808537,834,86,9,37
