Model,MCC,Sensitivity,Specificity,Precision,Accuracy,tp,tn,fp,fn
26fold1,0.772540400932249,0.9471871412168832,0.9578947368410969,0.9951749095294335,0.9482401656313718,825,91,4,46
