Model,MCC,Sensitivity,Specificity,Precision,Accuracy,tp,tn,fp,fn
26fold4,0.7849797951710024,0.9712973593569493,0.8526315789464709,0.9837209302324437,0.9596273291924472,846,81,14,25
