Model,MCC,Sensitivity,Specificity,Precision,Accuracy,tp,tn,fp,fn
18,0.9663222739381448,0.9999999999999067,0.940740740740044,0.99259944495828,0.9933774834436263,1073,127,8,0
