Model,MCC,Sensitivity,Specificity,Precision,Accuracy,tp,tn,fp,fn
18,0.6786767281931188,0.9592215013900871,0.7441860465110511,0.9691011235954149,0.9362582781456178,1035,96,33,44
