Model,MCC,Sensitivity,Specificity,Precision,Accuracy,tp,tn,fp,fn
18,0.9449042646424999,0.9878844361602062,0.9925925925918574,0.9990574929311028,0.9884105960264082,1060,134,1,13
