{
    "model_type": "MLP",
    "num_layers": 3,
    "dense_neurons": 2218,
    "dropout": 0.1,
    "learning_rate": 0.001,
    "decision_threshold": 0.8,
    "lr": 0.008865791118881942,
    "trial_number": 24,
    "score": 0.9911190053285968
}