{
    "model_type": "MLP",
    "num_layers": 1,
    "dense_neurons": 3354,
    "dropout": 0.30000000000000004,
    "learning_rate": 0.001,
    "decision_threshold": 0.6,
    "lr": 0.0067253118426650466,
    "trial_number": 68,
    "score": 0.9838613269575612
}