{
    "model_type": "MLP",
    "num_layers": 1,
    "dense_neurons": 2441,
    "dropout": 0.1,
    "learning_rate": 0.001,
    "decision_threshold": 0.8,
    "lr": 0.006752394545310129,
    "trial_number": 31,
    "score": 0.9976442873969376
}