{
    "model_type": "MLP",
    "num_layers": 1,
    "dense_neurons": 3262,
    "dropout": 0.30000000000000004,
    "learning_rate": 0.001,
    "decision_threshold": 0.7,
    "lr": 0.008184468196457158,
    "trial_number": 60,
    "score": 0.9940898345153665
}