{
    "model_type": "MLP",
    "num_layers": 1,
    "dense_neurons": 3387,
    "dropout": 0.30000000000000004,
    "learning_rate": 0.001,
    "decision_threshold": 0.6,
    "lr": 0.004872718679455125,
    "trial_number": 55,
    "score": 0.9964580873671782
}