{
    "model_type": "MLP",
    "num_layers": 4,
    "dense_neurons": 853,
    "dropout": 0.1,
    "learning_rate": 0.001,
    "decision_threshold": 0.9,
    "lr": 0.0004347638342652047,
    "trial_number": 1,
    "score": 0.9647201946472019
}