{
    "model_type": "CNN1D",
    "filter_size": 63,
    "kernel_size": 2,
    "num_layers": 4,
    "num_dense_layers": 3,
    "dense_neurons": 115,
    "dropout": 0.30000000000000004,
    "learning_rate": 0.0003,
    "decision_threshold": 0.8,
    "lr": 0.004257515269554221,
    "trial_number": 8,
    "score": 0.8122819260293092
}