{
    "model_type": "MLP",
    "num_layers": 1,
    "dense_neurons": 1271,
    "dropout": 0.2,
    "learning_rate": 0.001,
    "decision_threshold": 0.8,
    "lr": 0.009190637276126309,
    "trial_number": 15,
    "score": 0.9958799293702177
}