{
    "model_type": "MLP",
    "num_layers": 1,
    "dense_neurons": 3148,
    "dropout": 0.30000000000000004,
    "learning_rate": 0.001,
    "decision_threshold": 0.7,
    "lr": 0.004814778084789251,
    "trial_number": 65,
    "score": 0.9976470588235294
}