{
    "model_type": "MLP",
    "num_layers": 2,
    "dense_neurons": 2606,
    "dropout": 0.1,
    "learning_rate": 0.0003,
    "decision_threshold": 0.6,
    "lr": 0.006280520552441958,
    "trial_number": 33,
    "score": 0.9947027663331371
}