{
    "model_type": "MLP",
    "num_layers": 1,
    "dense_neurons": 1296,
    "dropout": 0.30000000000000004,
    "learning_rate": 0.001,
    "decision_threshold": 0.8,
    "lr": 0.008170971031280803,
    "trial_number": 46,
    "score": 0.9875074360499703
}