{
    "model_type": "MLP",
    "num_layers": 1,
    "dense_neurons": 1870,
    "dropout": 0.30000000000000004,
    "learning_rate": 0.001,
    "decision_threshold": 0.6,
    "lr": 0.004697076754497285,
    "trial_number": 66,
    "score": 0.9964664310954063
}