{
    "model_type": "MLP",
    "num_layers": 1,
    "dense_neurons": 1490,
    "dropout": 0.1,
    "learning_rate": 0.001,
    "decision_threshold": 0.8,
    "lr": 0.009958991848597944,
    "trial_number": 35,
    "score": 0.9952774498229043
}