{
    "model_type": "MLP",
    "num_layers": 5,
    "dense_neurons": 3958,
    "dropout": 0.2,
    "learning_rate": 0.003,
    "decision_threshold": 0.9,
    "lr": 0.0021525682611438736,
    "trial_number": 13,
    "score": 0.9820574162679426
}